Spotify ID;Artist IDs;Track Name;Album Name;Artist Name;Release Date;Duration (ms);Popularity;Date;Genres;Danceability;Energy;Key;Loudness;Mode;Speechiness;Acousticness;Instrumentalness;Liveness;Valence;Tempo;Time Signature
0TBylB8tjwqp4YHSrwRJQQ;5eioJDe26lOqkAMbuhzZYs;SpÃ¤ti;Grosse Freiheit;Gzuz;2022-01-13;152771;63;2023;deep german hip hop,german hip hop,hamburg hip hop;813;659;1;-6.093;1;186;311;0.00355;165;482;140.064;4
41ZYUGtRGAi3SEx23AZXfB;1aS5tqEs9ci5P9KD9tZWa6,0Dvx6p8JDyzeOPGmaCIH1L;Sommer;Palmen aus Plastik 3;Bonez MC,RAF Camora;2022-09-08;193749;62;2023;german hip hop,hamburg hip hop;818;643;6;-7.841;0;0.0717;706;0.14;0.0957;385;106.011;4
0v4BTk3Vlhmfduww4WFOwA;3jPN2U65cMPzvozEBue5zp,7KcIok6StqYSedgtjmtsqP;ADRENALINA;ADRENALINA;SIDARTA,Beyond;2022-08-11;219661;59;2023;greek trap;643;826;7;-6.215;1;0.0929;31;0.000503;199;346;117.871;4
0K2nzvf5Pn6IO0Xyt36iNi;1oR56GSDAFgtdKmSl6qU1r;Ã–zÃ¼r;Ã–zÃ¼r;HalodayÄ±;2023-01-27;135416;73;2023;turkish hip hop;0.71;0.52;7;-9.2;0;137;423;0.0000938;236;538;143.953;4
53HqOfi7OfHRXzcWTdGJB3;4Xi6LSfFqv26XgP9NKN26U;Little More Love;Flu Game;AJ Tracey;2021-04-16;160000;64;2023;grime,uk hip hop,ukg revival;719;762;6;-6.623;1;114;199;0.00000989;358;676;100.08;4
0QpE5aWc2gq705lQjjKQoh;15AZJFNrXtIN4Nk8BIOnS2;RaTaTa;RaTaTa;Batuflex;2023-08-11;123946;61;2023;turkish hip hop,turkish trap;821;753;8;-9.392;0;0.0827;0.0963;0.0069;0.0881;805;131.967;4
2zlwmziboQjXWbHMBEUp1g;6eqLAUIm0u7CgcbjX9O5fb;Money Come;Money Come;MRG;2022-04-20;120868;49;2023;American drill;729;0.68;6;-6.53;0;151;169;0;138;385;142.864;4
0nHmrbUG2lvhiJ7dL4FfzU;3drqpTL4sQOckmAfF9i1wg,6QJo3m62pMHNWqSwgwt2qz,6LnJKrtFnTEGdbWQ2riWCL;KONTAK (feat. Ezhel);KONTAK (feat. Ezhel);Summer Cem,Geenaro & Ghana Beats,Ezhel;2023-06-02;158023;70;2023;german hip hop,turkish hip hop,turkish trap;882;536;6;-10.765;0;0.0888;269;0.00262;0.0837;832;100.001;4
1ftln1emQR93Oyw0pJqN2i;0Dvx6p8JDyzeOPGmaCIH1L,3CJKkU0XuElRT1z8rEtIYg;2CB;Zukunft 1 & 2;RAF Camora,Luciano;2021-10-01;172288;64;2023;german hip hop,german drill;0.82;725;10;-6.449;0;208;456;457;114;364;125.049;4
06jkPNRnI3Awqc7Q6I3To7;6niasBrBbbzrUe7iWT6swJ,1VXE1xqGNlT9HG6TcjpQ9I;Riot;Riot;Open Till L8,Hooligan Hefs;2021-04-23;152097;56;2023;australian electropop,aussie drill,australian trap;854;846;3;-3.762;0;0.0725;0.35;0;0.0996;835;143.02;4
2wGSgTmgSF3xjRrHkTc25R;0NbfKEOTQCcwd6o7wSDOHI,3q7HBObVc0L8jNeTe5Gofh;Hate It Or Love It;The Documentary;The Game,50 Cent;2005-01-01;206400;85;2023;detroit hip hop,gangster rap,hip hop,pop rap,rap,southern hip hop,trap,east coast hip hop,queens hip hop;802;785;9;-4.781;1;207;0.14;0;123;435;99.998;4
4ErYSDudluKpIkvBHz7agj;798ceFTnKCNT00aTswubPI;ÅŸarapnel;ÅŸarapnel;Dante;2022-04-07;171619;4;2023;turkish trap;803;0.69;4;-8.551;0;0.0562;0.0354;0;0.2;651;114.995;4
08mqF80M4AvAF0pGbR2ETA;4PUr4W5mWlzMkyVpSiX2ZN,0Dvx6p8JDyzeOPGmaCIH1L;Mood - RAF Camora Remix;Mood (RAF Camora Remix);Makar,RAF Camora;2022-10-07;147360;60;2023;belgian hip hop,german hip hop;687;564;1;-9.881;1;105;0.56;0.0408;182;564;125.017;4
0etFe0FQMQMAvROnJr0SOy;1U0pXcl8GZlZ48jTgnpGHl;Kein Morgen;get numb with me;Beyazz;2022-07-29;157484;49;2023;german hip hop;649;689;11;-6.769;0;0.0522;0.0433;203;0.11;439;162.949;4
7Ikg74SQrxu5DMpEEbestg;6sBSLIunx1Je0Y2T77wpkP;HANIMEFENDÄ°;ROMANTÄ°K;Motive;2023-06-16;135459;70;2023;turkish hip hop,turkish trap;673;403;11;-12.796;1;0.0897;357;0.0308;135;479;86.558;5
4I2jzj5QIk4q0XWs1QcTnq;6LnJKrtFnTEGdbWQ2riWCL,3drqpTL4sQOckmAfF9i1wg;TaÅŸtan;TaÅŸtan;Ezhel,Summer Cem;2023-07-06;176927;48;2023;turkish hip hop,turkish trap,german hip hop;913;441;10;-10.05;0;159;818;0.0152;108;452;110.004;4
0TbeXCwQz1oSK5eZVLnEIn;0V2oXYR7DtrZAEFeILRW2r,5JJc8is4VzgOz8ZanDj18J,4xklx5DAtVru5uf3vSXTgf;GAZ PEDAL;GAZ PEDAL;Lvbel C5,Arem Ozguc,Arman Aydin;2023-03-16;145015;69;2023;turkce drill,turkish hip hop,turkish trap,turkish edm;0.87;0.75;2;-4.902;1;135;113;0.00292;0.0629;764;119.982;4
7rP7Cf8BMGCQlPBmcxPObM;6CPZWzcKiOKkHn4L2XI4i2;Promilim YÃ¼ksek;Promilim YÃ¼ksek;cakal;2023-09-01;133563;69;2023;turkce drill;694;0.87;3;-5.807;0;52;328;0.00000639;129;0.52;124.035;4
2H7jZg2HliuQhZjfBblLrZ;34LetYSjEuG2fBb4Z8PwPg;Sommergewitter;Sommergewitter;Pashanim;2021-06-24;138533;72;2023;german alternative rap,german drill,german hip hop;787;531;11;-10.569;0;101;132;0.00094;112;721;91.996;4
5DBD1TTl06dvp3WqPEY5Pj;0ErzCpIMyLcjPiwT4elrtZ,2GRDbUJRZwKzeiwxrjJdmQ;DO IT AGAIN (feat. 2Rare);Cottonwood 2;NLE Choppa,2Rare;2023-04-14;213206;67;2023;memphis hip hop,rap,philly drill,philly rap;806;0.64;11;-7.398;0;317;0.0864;0;201;716;160.054;4
7ah5CgXHNPBtoJsdPV1AKA;0V2oXYR7DtrZAEFeILRW2r;BABA;BABA;Lvbel C5;2023-06-15;144744;72;2023;turkce drill,turkish hip hop,turkish trap;618;493;5;-8.356;1;418;474;0;346;739;120.05;5
4UySkSnMBKf1PS32agnwxp;1EPZusBDP8yewhsaKtwktz,6q1sTU51oryTTcWTPTd0VC;24/7;24/7;ALIZADE,BEGE;2023-04-21;186352;72;2023;zhenskiy rep,turkce drill,turkish hip hop,turkish trap;588;714;11;-6.262;0;202;0.00362;0.000972;327;278;169.954;4
51GmZjHgR1sWkHWqpQzpEa;5pVRwX5ZQR7hfJ18w8ZYkl,2gtmbs0Uas9TBSMqkA4zjE;Shot;WAVE;Ufo361,Data Luv;2019-08-09;224400;54;2023;german cloud rap,german hip hop;721;785;7;-6.639;1;0.0705;35;0.00301;0.65;257;105.037;4
1ErzdvxEDAu3gL7Iu6FpJs;4cSobXLXhJMHYUZvBMuQFG;Beautiful But Broken;Beautiful But Broken;3Breezy;2022-04-08;98863;48;2023;Melodic drill;724;438;9;-8.55;0;137;815;0;169;772;87.824;4
0tHWG2M4GAvT7E59oZrJLi;0V2oXYR7DtrZAEFeILRW2r;Ä°ZLEDÄ° MAHALLE;BABA;Lvbel C5;2023-06-15;101116;71;2023;turkce drill,turkish hip hop,turkish trap;888;698;8;-6.161;0;0.0531;158;0;0.0562;542;125.97;4
1Wv8KLxurCTT0wjnldB8Bw;7kNqXtgeIwFtelmRjWv205,4pT84mlmySh9CkiGfJA9xV,6KJPsGYJN54GllYOKTleaj;Human (feat. Echoes) - Aaron Hibell Extended Remix;Human (feat. Echoes) [Aaron Hibell Extended Remix];John Summit,Echoes,Aaron Hibell;2022-02-25;433792;38;2023;edm,house,pop dance,tech house,uk dance,stutter house;0.58;576;5;-7.881;0;0.0323;0.0156;0.0736;0.0963;0.0512;132.041;4
6ed4S0as5mj3nSK81HJuyz;51DevdOxIJin6DB1FXJpD1,2E7qpjo4NUBhV8tEUdPVkJ;Caney;Caney;UZI,Azer BÃ¼lbÃ¼l;2023-06-16;165059;77;2023;turkish trap,arabesk;686;0.62;5;-8.95;0;138;443;0;127;695;144.033;4
0b02ZHphmQGm0lRtHyDDTH;6fllSzvyC7OruOFZisOELq,2A0sY7UDhv5v4hjvrhTlya,1MPTYMphF5G5cdiATErmvM;Run Away;Run Away;Ian Storm,Ron van den Beuken,Menno;2020-10-16;179346;46;2023;dutch edm;593;852;5;-3.609;0;119;292;0.000162;141;397;125.928;4
7Gs3otHnZDq514kFHf0nx7;20sxb77xiYeusSH8cVdatc;Blue Notes;DC4;Meek Mill;2016-10-28;227808;70;2023;hip hop,philly rap,pop rap,rap,southern hip hop,trap;515;431;4;-8.251;1;257;665;0;147;184;141.392;4
0Zlz5gXkxN5krAVMWWE7bX;4k1cMkJjG3UCRptckbpAnC;Neverland;Never Been Ordinary;French The Kid;2022-04-01;178000;54;2023;chill drill,melodic drill,uk hip hop;699;548;5;-7.506;0;327;414;0;219;534;97.763;4
4wLpDd099QT7TmNpMkFIvT;51DevdOxIJin6DB1FXJpD1;ZOR;EL CHAVO;UZI;2022-09-09;171641;71;2023;turkish trap;685;661;4;-9.014;0;208;838;0.00000123;626;0.0643;103.964;4
1XpmMe95dk9jh3zuOMpeU2;5SulO4l40qDuV9zUGLZx7n;Capri Sun;Hustle Mixtape;Capo Plaza;2022-06-03;199680;69;2023;italian hip hop,italian pop,trap italiana;683;852;0;-2.755;1;0.0636;0.0454;0;246;448;93.068;4
4Qy2Eo9URGWbV4VzwBTdxU;2JwyRtuXf2l6sTnSnGVIa1,5y9wg9qkGBl0n9v9RzaPKu,1sBkRIssrMs1AbVkOJbc7a;Scarface (feat. Capo & Rick Ross);Genkidama;Farid Bang,CAPO,Rick Ross;2020-05-29;181293;48;2023;german hip hop,dirty south rap,gangster rap,hip hop,rap,southern hip hop,trap;612;665;1;-6.288;0;139;334;0;327;543;88.019;4
3IRtLsu2orU0gBnh6aEm5T;20KmGoOPKwrKLDN0s7pRsI,6sBSLIunx1Je0Y2T77wpkP,1qKIiOyjWNYf1xshikhwQE;YAN YANA;YAN YANA;UÄŸur Ã–ztÃ¼rk,Motive,Jefe;2023-05-26;214846;63;2023;turkish hip hop,turkish trap,new school turkce rap;767;811;5;-3.352;0;0.0497;0.0421;0.000356;364;549;130.053;4
3x8hqraew3LLsZENdhGv3P;0JVl2O7TNYlEc6Lc2jHW3o;MERVE - Masada Chivas;MERVE (Masada Chivas);B4TU INC.;2023-03-15;159112;65;2023;turkish hip hop;807;763;2;-3.229;1;0.0509;481;0.00000126;107;426;126.016;4
7afbLl0cmckRbMV8M5SjCr;798ceFTnKCNT00aTswubPI;ISTERIM;ISTERIM;Dante;2022-03-21;143999;6;2023;turkish trap;685;564;9;-8.938;1;169;0.00362;0;117;0.43;144.956;4
5rZlwNFl01HqLWBQGryKSm;0eDvMgVFoNV3TpwtrVCoTj,6jGMq4yGs7aQzuGsMgVgZR;Mood Swings (feat. Lil Tjay);Shoot For The Stars Aim For The Moon;Pop Smoke,Lil Tjay;2020-07-03;213333;79;2023;brooklyn drill,rap,melodic rap,nyc rap;0.48;602;10;-6.335;0;368;487;0;0.0848;269;179.798;4
5flH7FY4ledAQboO5a0XQ5;51DevdOxIJin6DB1FXJpD1,3BVPc9s4JXzM6O1InlLxED;SENIN UGRUNA;EL CHAVO;UZI,Mavi;2022-09-09;122000;72;2023;turkish trap,new school turkce rap;785;638;1;-7.081;1;109;357;0.0118;0.0982;348;127.058;4
6bZXS4iBLq09KhK6Mr569I;7Gx2wDVHyW5HJh7dc2t5h7;DEFOL;DEFOL;Lil Zey;2023-05-05;173987;69;2023;turkce kadin rap,turkish hip hop,turkish trap;708;886;7;-6.068;1;201;0.0194;0.00000296;354;0.15;145.098;4
6uNSbvWZgNkBWw3MP7bpnf;1GMwSpFzrLd12jUX15bHB6;N'aptÄ±ÄŸÄ±nÄ± bilmesem de;N'aptÄ±ÄŸÄ±nÄ± bilmesem de;BLOK3;2023-06-23;138817;77;2023;turkce drill;356;535;9;-11.335;0;107;468;0;475;228;82.971;4
798N3AVTpnPSuYPh7KBCKA;0Dvx6p8JDyzeOPGmaCIH1L,3CJKkU0XuElRT1z8rEtIYg;All Night;XV;RAF Camora,Luciano;2023-06-23;153669;68;2023;german hip hop,german drill;601;0.82;9;-6.729;0;156;0.0761;348;0.27;507;98.052;3
6fuO9uk9wbjCHvQJqk2Qpx;34LetYSjEuG2fBb4Z8PwPg,5iIl7sknJm4dw34xfsL667;paris freestyle - skrilla remix;paris freestyle (skrilla remix);Pashanim,skrilla;2021-10-25;105982;69;2023;german alternative rap,german drill,german hip hop;745;506;9;-6.919;1;128;0.0135;0.0937;167;325;145.041;4
0Dlcu2fgHklOnajVu2dUNU;4WZGDpNwrC0vNQyl9QzF7d,6h1s4i4XKIYv4ErDelLDN0;Tilidin;Berlin lebt 2;Capital Bra,Samra;2019-10-03;172035;61;2023;german hip hop;631;673;6;-4.892;0;384;407;0;154;721;83.504;4
4BeGu2WQNlpiREpmWGHD8U;6LnJKrtFnTEGdbWQ2riWCL;KuÄŸulu Park;KuÄŸulu Park;Ezhel;2023-01-26;211040;40;2023;turkish hip hop,turkish trap;914;467;5;-6.382;0;0.0854;129;0.00101;105;538;139.954;4
5atei5eVpWKUJj5olSI32L;1qQLhymHXFPtP5U8KNKsm6;Wenn das so bleibt;Gartenstadt;Apache 207;2023-06-09;161703;67;2023;german hip hop;845;723;9;-5.841;0;0.0641;165;0.00619;106;265;122.031;4
1bPzfHjRXPvoyWaL5ZOmZE;7siPnM6FjNP8KnXO5YDwAH,6YYOTK6Qyv6PuFipPxCCoe,7KcIok6StqYSedgtjmtsqP;Oulala;Oulala;Mente Fuerte,RACK,Beyond;2023-02-13;169419;61;2023;greek hip hop,greek trap,greek drill;725;758;7;-7.198;0;58;185;0.00034;0.0992;422;112.008;4
232LbugfZaCUwq82xiELtd;1GMwSpFzrLd12jUX15bHB6;BAYBAY;BAYBAY;BLOK3;2023-03-17;191275;77;2023;turkce drill;724;569;3;-10.431;0;135;216;0.00232;152;775;145.009;4
0ufocYYqahx6pVSERRj4HL;6LnJKrtFnTEGdbWQ2riWCL;Paspartu;Paspartu;Ezhel;2023-03-16;274959;45;2023;turkish hip hop,turkish trap;616;0.64;1;-7.329;1;238;488;0.000428;101;673;146.956;4
5EwMoEspweyiYHBpOrPTml;78GHS9zWXcj8tBke222g5N;Suvi;Born Digital;Pretty Pink;2023-05-05;191612;54;2023;german house;455;652;8;-9.363;1;0.0679;0.00704;0.76;117;0.0394;124.081;3
2yH4M3DAPx5E4zEWK9vE12;5W2dGRPmYetOpUIpErUtD3;DÃ¼nya;DÃ¼nya;Organize;2023-03-24;140625;48;2023;turkce drill,turkish hip hop;718;716;10;-7.786;0;0.0476;186;0;0.0975;578;98.989;4
2uZ7RwAWJiLQUkupslGAVZ;1oR56GSDAFgtdKmSl6qU1r,2E7qpjo4NUBhV8tEUdPVkJ;Aman GÃ¼zel YavaÅŸ YÃ¼rÃ¼;Aman GÃ¼zel YavaÅŸ YÃ¼rÃ¼;HalodayÄ±,Azer BÃ¼lbÃ¼l;2023-06-23;149642;76;2023;turkish hip hop,arabesk;762;0.67;7;-8.361;1;0.14;111;0.000138;121;634;122.061;4
2EriVX6pX9RcmMsgU8Hsir;1aS5tqEs9ci5P9KD9tZWa6,0Dvx6p8JDyzeOPGmaCIH1L,5eioJDe26lOqkAMbuhzZYs;Taxi;Palmen aus Plastik 3;Bonez MC,RAF Camora,Gzuz;2022-09-08;172580;64;2023;german hip hop,hamburg hip hop,deep german hip hop;853;727;10;-7.712;0;191;548;0.000219;188;417;108.035;4
2F5zDoky5fcblVvjYUlVWI;6sBSLIunx1Je0Y2T77wpkP;RANDEVU;ROMANTÄ°K;Motive;2023-06-16;152187;64;2023;turkish hip hop,turkish trap;689;0.62;0;-10.667;1;104;375;0.000296;122;233;103.959;4
7gJqhu7UvkJvpEGBntRmJx;6CPZWzcKiOKkHn4L2XI4i2;YAKALARSAN;YAKALARSAN;cakal;2023-03-31;116499;69;2023;turkce drill;702;0.83;11;-5.84;0;0.22;136;0.00000177;238;319;134.037;4
3q6ayHzfLJIx22oQXoYlyi;69EosSfMcqIxCMw7VeVPVC,6YYOTK6Qyv6PuFipPxCCoe,7KcIok6StqYSedgtjmtsqP;DEJA VU;DEJA VU;LILA,RACK,Beyond;2023-05-09;157181;67;2023;greek drill;0.55;705;5;-5.895;0;225;514;0;103;383;126.684;5
23SqoExnmW4BTJEYzMJze8;0Dvx6p8JDyzeOPGmaCIH1L,1aS5tqEs9ci5P9KD9tZWa6;Blaues Licht;Zukunft 1 & 2;RAF Camora,Bonez MC;2021-10-01;144263;70;2023;german hip hop,hamburg hip hop;819;828;8;-4.906;0;108;0.39;0.00611;258;693;144.953;4
4ist5GP5r7UDz9gdsiJmYd;0V2oXYR7DtrZAEFeILRW2r,0L3wrFI3QcbXAvFL7IaPQX;NKBÄ° X YAPAMAM - Remix;NKBÄ° X YAPAMAM (Remix);Lvbel C5,GÃ¼neÅŸ;2022-12-30;182400;73;2023;turkce drill,turkish hip hop,turkish trap,turkce kadin rap;558;0.67;2;-6.813;0;0.0344;0.0102;0.00000467;0.0756;277;99.999;4
4xMDN8uwikMBJrmJc9dqG3;6sBSLIunx1Je0Y2T77wpkP,7ecHMwo18VtgSVZRULWLId,6WpmH4J0R74ZkHtgm7JLvM;GANG;GANG;Motive,Cairo,Narco;2023-03-24;190442;71;2023;turkish hip hop,turkish trap,new school turkce rap;617;498;11;-10.858;0;179;318;0.0286;0.0867;395;126.954;4
1pXdYvrLCzDwU4GKZ3EzG0;5pVRwX5ZQR7hfJ18w8ZYkl;NO HUGS;STAY HIGH;Ufo361;2021-04-30;154384;51;2023;german cloud rap,german hip hop;572;496;0;-8.701;0;105;0.0461;164;0.39;205;157.971;4
6fsbuVwtZHq8bCfUOfmkNL;1qQLhymHXFPtP5U8KNKsm6;Breaking your heart;Gartenstadt;Apache 207;2023-06-09;170579;72;2023;german hip hop;701;857;0;-4.667;0;0.0432;0.0337;0.0000883;122;232;164.965;4
4qcngMZ8yF98sAnFKlvXPN;0V2oXYR7DtrZAEFeILRW2r;GELMEZSEN GELME;C5MODE;Lvbel C5;2022-03-18;93015;69;2023;turkce drill,turkish hip hop,turkish trap;0.76;555;11;-12.659;0;0.0599;185;0.000255;0.0916;269;120.003;4
11nCZnfaUl7BDwBCoezUTf;697ZbUKLJSEWWhtayAGxBY;Money On My Mind;Trap Billie Jean V.1 Mixtape;Faroon;2021-03-19;177625;60;2023;german hip hop;695;654;5;-5.614;0;107;315;0;0.0619;659;86.62;5
3WCrBnWabeuTk2wr6UwaYV;1GMwSpFzrLd12jUX15bHB6;AFFETMEM;AFFETMEM;BLOK3;2023-01-13;182117;75;2023;turkce drill;646;685;3;-11.027;0;0.0762;586;0.00000178;105;539;142.115;4
0h14I7cPYi1RZG6GmVpMso;3pOnFT5MHIqIe9kcFCznZ8;Weg von mir;Weg von mir;CIVO;2022-01-28;136666;65;2023;german hip hop;566;481;9;-10.706;1;205;783;0;575;671;143.857;3
7eaIFSCVBsXIwQ03aG8ClE;6LnJKrtFnTEGdbWQ2riWCL,5dM0ApSI0k1TcOseiik0sY;Pofuduk;Pofuduk;Ezhel,Jugglerz;2023-08-11;142855;68;2023;turkish hip hop,turkish trap,jamaican dancehall;859;534;5;-8.633;0;0.0626;529;0.00000775;125;656;104.077;4
6uns4Lbv6aQNUEzmuj9qjo;3moa8duhuDJDmrhnzWuQrc,3YBi0mPHurz9XlrkLtLn93,7uJvDwK3jWE215FYK6Fl6s,5yhN4qXpv9cghmJglovvmg,6wEeMjHO7iZja2dGsBOaHI;Nevizade Geceleri;Galatasaray Åžampiyonluk AlbÃ¼mÃ¼;Galatasaray Korosu,BÃ¼lent Forta,Onur Mete,Cem Belevi,Cengiz Erdem;2018-05-19;248479;46;2023;turkish pop;478;889;9;-5.218;0;0.0318;286;0;368;328;129.962;4
6bOknVfYaDcWqvHSAw1EBG;13gqXJa3Mpcd3yHtcqXE3P,798ceFTnKCNT00aTswubPI,1b37T5A3Sm85ueNhe6g9Mx;Son El;Son El;Batdora,Dante,Odin;2020-12-18;237631;0;2023;Turkish rap;384;455;6;-12.176;0;234;227;0;103;258;51.678;3
2l0tMKktyIzbamvyj54LYn;1MeqFJRoXLAjOdqXlJaPwQ;VVS;MENTALITE;Ero;2022-04-29;161584;60;2023;new school turkce rap,turkce drill;742;489;0;-13.982;0;141;0.14;843;113;327;101.027;4
4kKrDES6pHVOt6kKjZFJF2;1eQzZsJAtBVhN9WP62oXM2;H.A.L.O.;H.A.L.O.;Xir;2021-07-09;145815;40;2023;turkish hip hop,turkish trap;724;573;7;-10.151;0;148;511;0.0211;112;289;100.973;4
6T98vmgojTvqsYgmVuIyVv;0Dvx6p8JDyzeOPGmaCIH1L,3utZ2yeQk0Z3BCOBWP7Vlu;Bei Nacht;XV;RAF Camora,CRO;2023-06-23;156882;57;2023;german hip hop;837;691;3;-8.333;0;0.0486;137;0.00293;77;722;120.031;4
1cshW2enZKomOOLRXw6C77;4WZGDpNwrC0vNQyl9QzF7d,1ReCqmDLLcp6Z0bCh2JDCA;Wann dann;Berlin lebt;Capital Bra,Capital T;2018-07-06;189512;48;2023;german hip hop,albanian pop;775;867;10;-4.137;0;0.21;227;0.0000683;0.0755;397;104.154;4
46Zp8uVjBCEVeSUDsZ8EwI;3c96G4d2lUOxhomM2mby5S,6h1s4i4XKIYv4ErDelLDN0;Hades;Mythos;Bushido,Samra;2018-09-28;182400;51;2023;german hip hop;758;725;1;-4.88;1;117;0.0234;0;141;705;93.994;4
1p0rEzrK7YtdRZVtiyV7RN;6MPCFvOQv5cIGfw3jODMF0,2hlmm7s2ICUX0LVIhVFlZQ,4Gso3d4CscCijv0lmajZWs,7rkW85dBwwrJtlHRDkJDAC;Lemonade (feat. NAV);B4 The Storm;Internet Money,Gunna,Don Toliver,NAV;2020-08-28;195428;81;2023;pop rap,trap,atl hip hop,melodic rap,rap,canadian hip hop,canadian trap;0.8;658;1;-6.142;0;79;0.25;0;111;462;140.042;4
6sghbExwQySHgaMjuYNa0X;0V2oXYR7DtrZAEFeILRW2r;YAPAMAM;C5MODE;Lvbel C5;2022-03-18;123826;62;2023;turkce drill,turkish hip hop,turkish trap;697;585;2;-11.443;0;178;62;0.0000266;147;148;102.054;4
2Nt4eocAv9wi1vHshhSdpF;1GMwSpFzrLd12jUX15bHB6;VUR;VUR;BLOK3;2022-11-11;190270;72;2023;turkce drill;613;566;1;-13.714;1;153;355;0.00002;121;697;143.011;4
01X6etmb1Cz8ujgwHKQIDl;4iBwchw0U0GZv5RfVYSMxN,715OI7hiv58daVlEDXM47U;Consciousness;Genesys;Anyma,Chris Avantgarde;2023-08-11;274551;64;2023;stutter house,melodic house;586;0.84;7;-5.985;0;0.0512;0.0666;791;349;0.0798;125.95;3
7lkqbdBKrsyNNq3xi0LeaY;0L3wrFI3QcbXAvFL7IaPQX;NKBÄ°;Atlantis;GÃ¼neÅŸ;2022-06-03;177565;68;2023;turkce kadin rap;633;647;2;-6.129;0;0.03;0.00373;0.000206;122;115;100.033;4
6KD5ZksRojNTSHlRRLIpor;1XKjtpH5P81gpOXDB91IEB;Club My - KMN Street EP.2;Casia Deluxe;Miami Yacine;2017-10-13;131840;63;2023;albanian hip hop,german hip hop;878;668;8;-6.627;0;0.0546;201;0.0000429;77;587;125.962;4
2Id54XtcFLHSe0JNfHR45k;1GMwSpFzrLd12jUX15bHB6;YAPTIRICAZ TIRNAKLARINI;YAPTIRICAZ TIRNAKLARINI;BLOK3;2023-04-28;141072;74;2023;turkce drill;648;805;10;-9.01;0;129;166;0;136;829;144.065;4
5BQwQDyMKyo4GCV7cDId21;4WZGDpNwrC0vNQyl9QzF7d,6h1s4i4XKIYv4ErDelLDN0,4hK7sEnm0se5bqoI3Yb5o1;Purple Rain;Berlin lebt 2;Capital Bra,Samra,SANTOS;2019-10-03;207750;55;2023;german hip hop;652;754;10;-5.086;0;264;293;0;0.15;483;160.005;4
4m3ljlctmzWajEZPgxXOBb;1mFGfrveXbpolppPgO29Io,5gMP6mQ9eKRREGd2ofMvfU;Go;Go;TCTS,Maroox;2022-07-29;142349;63;2023;deep groove house,house,uk dance;0.68;853;3;-5.671;0;0.0503;0.0127;0.000685;199;604;124.981;4
55Tf67DiltMLjOY6A25s3J;1EPZusBDP8yewhsaKtwktz,6q1sTU51oryTTcWTPTd0VC;Kalbin bana kaldÄ±;Kalbin bana kaldÄ±;ALIZADE,BEGE;2022-07-29;144000;67;2023;zhenskiy rep,turkce drill,turkish hip hop,turkish trap;772;0.62;1;-8.529;0;0.0351;0.0724;0.00429;174;0.49;95.017;4
0i0kO2WYXFNkyB6aTJbPGo;5W2dGRPmYetOpUIpErUtD3,7g6rPQyaKLwHpM6JB4lByD;Yolunda pavyon;Yolunda pavyon;Organize,Astral;2023-05-05;150909;65;2023;turkce drill,turkish hip hop;781;861;5;-7.283;1;182;469;0.00000115;139;795;132.028;4
6hw1Sy9wZ8UCxYGdpKrU6M;1qQLhymHXFPtP5U8KNKsm6;Roller;Platte;Apache 207;2019-10-25;157093;73;2023;german hip hop;941;758;10;-6.47;0;0.17;0.0256;0.00258;193;683;128.017;4
0UPZYZghuk0ShJKrEiZ5jv;3AFt30387waHIjjDL63XeI,63bviSUQDcZQDVQXgcGSF0,6PZLfojwXRBjUE5YMpGIPS;London View (Remix);London View (Remix);OTP,Marin,Rambizz;2021-10-07;231665;63;2023;melodic drill,albanian hip hop;764;603;1;-9.434;0;354;361;0;122;0.6;143.091;4
27GSRTfL7fEnLAEr3fB5YX;1LxWE4LOhnqeaAx2tVUK6p,7KcIok6StqYSedgtjmtsqP;PADOU;Saskepticism Vol. 2;Saske,Beyond;2022-04-21;217386;54;2023;greek hip hop,greek trap;764;561;3;-7.519;0;0.0369;304;0.000689;119;226;108.039;4
4SF1K7VfTBnVSEyBCrrUWK;3c96G4d2lUOxhomM2mby5S;Alles wird gut;Zeiten Ã¤ndern dich;Bushido;2010-02-22;218106;62;2023;german hip hop;632;786;6;-7.431;0;437;239;0;337;522;93.425;4
0AZSfB7efuLK2FWQpgMcRI;1qQLhymHXFPtP5U8KNKsm6;Ferrari Testarossa;Ferrari Testarossa;Apache 207;2018-08-15;220601;62;2023;german hip hop;764;831;9;-6.32;0;121;23;0;0.0698;282;133.044;4
1a9CYYvZHorDJpCICeo9VV;6CPZWzcKiOKkHn4L2XI4i2;AÅŸk Olsun;AÅŸk Olsun;cakal;2023-06-09;141305;71;2023;turkce drill;754;849;1;-4.937;0;0.0366;225;0;124;913;123.972;4
47zsnWIPoPSjJhZoKp5h21;51DevdOxIJin6DB1FXJpD1,1pMFoni6A1enu9OBmaanG2;PARA;PARA;UZI,Montiego;2022-05-06;176708;63;2023;turkish trap,persian hip hop;761;0.49;10;-13.306;0;335;719;0.00932;108;267;120.03;4
4HuB9A0O1XwmwTVtTgODm8;6bGOmNBU1AOgttgOjh0ldf;25;25;Ati242;2022-05-13;210044;72;2023;turkish hip hop;735;743;11;-8.21;0;153;318;0;131;414;120.031;4
257pFryhBAbTsal5U5m1Nj;7orlzf5LTqSnCzURkZFebN,715OI7hiv58daVlEDXM47U;VTOPIA - Chris Avantgarde Remix;A Magic World (Remixes);KAS:ST,Chris Avantgarde;2021-09-10;390000;31;2023;french techno,melodic house;267;905;8;-4.731;0;0.0513;0.0252;808;173;115;170.715;4
7CbHgNrlybV0uyP1wJINDd;0NbfKEOTQCcwd6o7wSDOHI,5K4W6rqBFWDnAN6FQUkS6x;Eazy (Feat. Kanye West);DRILLMATIC Heart vs. Mind;The Game,Kanye West;2022-08-12;233093;54;2023;detroit hip hop,gangster rap,hip hop,pop rap,rap,southern hip hop,trap,chicago rap;568;547;1;-6.985;1;547;172;0;209;318;82.635;4
7IvtKEf4Ll3ToSykxOydRd;0KOSzgkMlkeowt1tgIg6ca,3NPQ2qMGXAR0g1COJxuZ8r,51DevdOxIJin6DB1FXJpD1;Ä°ntikam;Hermano;Heijan,Muti,UZI;2023-04-28;156233;57;2023;turkish hip hop,turkce drill,turkish trap;746;656;0;-8.852;1;262;213;0.00000432;403;816;140.079;4
70skoejqfxS3FyAb7kLxJO;5pVRwX5ZQR7hfJ18w8ZYkl,78wZzI7u1cOjXKuYzqZI6l;Zweifel;Nur fÃ¼r dich;Ufo361,Sonus030;2020-10-02;166177;48;2023;german cloud rap,german hip hop;543;566;6;-10.777;0;199;114;0.0000127;112;126;121.461;5
29kTgA9pGo9RYwhED65ZrS;1UdbiTrv73Dp7F0s3OHmn2,0WxSlQlue0fq99fXfGBmxA,6WzxopGY3sy97IeNFaDELc;Obsessed;Obsessed;Light,Fy,Trannos;2022-07-15;216931;58;2023;greek hip hop,greek trap,greek drill;797;0.68;10;-8.628;0;103;0.0479;0;0.0712;593;145.092;4
0NA5xAtDra50d0Lfs2uvoh;0iEtIxbK0KxaSlF7G42ZOp,1zNqQNIdeOUZHb8zbZRFMX,3tVQdUvClmAT7URs9V3rsp;Borrowed Love (feat. Swae Lee & WizKid);NOT ALL HEROES WEAR CAPES (Deluxe);Metro Boomin,Swae Lee,Wizkid;2018-11-06;230240;66;2023;rap,melodic rap,trap,afrobeats,afropop,azonto,nigerian hip hop,nigerian pop;0.52;594;11;-8.81;0;462;0.44;0;185;393;129.216;5
51EC3I1nQXpec4gDk0mQyP;0Y5tJX1MQlPlqiwlOH1tJY,4dYQmk5ma04mZ1KJ9KkAQK;90210 (feat. Kacy Hill);Rodeo;Travis Scott,Kacy Hill;2015-09-04;339066;84;2023;hip hop,rap,slap house,la pop,modern alternative pop;402;526;9;-6.741;0;0.0904;113;0.00000833;105;312;81.404;4
6tJxEvSIBU46PrbcK5TDnM;1aS5tqEs9ci5P9KD9tZWa6;Das ist Bonez ðŸ’€;LOVELINE EP ðŸ’”;Bonez MC;2023-11-02;143572;66;2023;german hip hop,hamburg hip hop;0.84;707;10;-7.137;0;203;0.0468;147;303;708;139.981;4
3iB3q6iKN9TJw6plK75yCX;13gqXJa3Mpcd3yHtcqXE3P;Pop That Shit;Pop That Shit;Batdora;2021-03-01;183552;0;2023;Turkish rap;778;481;2;-11.993;1;0.0977;0.0903;0.0098;0.0966;342;101.029;4
4ErYSDudluKpIkvBHz7agj;798ceFTnKCNT00aTswubPI;ÅŸarapnel;ÅŸarapnel;Dante;2022-04-07;171619;4;2022;;803;0.69;4;-8.551;0;0.0562;0.0354;0;0.2;651;114.995;4
7afbLl0cmckRbMV8M5SjCr;798ceFTnKCNT00aTswubPI;ISTERIM;ISTERIM;Dante;2022-03-21;143999;6;2022;;685;564;9;-8.938;1;169;0.00362;0;117;0.43;144.956;4
0WdJsLIXKpbdGXQDEUjVbD;798ceFTnKCNT00aTswubPI;savaÅŸ / end;savaÅŸ / end;Dante;2022-03-27;137346;7;2022;;644;762;9;-7.983;0;43;245;0;146;407;140.066;4
6sghbExwQySHgaMjuYNa0X;0V2oXYR7DtrZAEFeILRW2r;YAPAMAM;C5MODE;Lvbel C5;2022-03-18;123826;62;2022;turkce drill,turkish hip hop,turkish trap;697;585;2;-11.443;0;178;62;0.0000266;147;148;102.054;4
4qcngMZ8yF98sAnFKlvXPN;0V2oXYR7DtrZAEFeILRW2r;GELMEZSEN GELME;C5MODE;Lvbel C5;2022-03-18;93015;69;2022;turkce drill,turkish hip hop,turkish trap;0.76;555;11;-12.659;0;0.0599;185;0.000255;0.0916;269;120.003;4
47zsnWIPoPSjJhZoKp5h21;51DevdOxIJin6DB1FXJpD1,1pMFoni6A1enu9OBmaanG2;PARA;PARA;UZI,Montiego;2022-05-06;176708;63;2022;turkish trap,persian hip hop;761;0.49;10;-13.306;0;335;719;0.00932;108;267;120.03;4
3HEv9gY3n9Fj2H5E2IoOKF;6CPZWzcKiOKkHn4L2XI4i2;Riv Riv Riv;Riv Riv Riv;cakal;2021-08-27;121999;61;2022;turkce drill;738;822;10;-4.906;0;0.0839;21;0.00000345;381;614;134.114;4
0Dlcu2fgHklOnajVu2dUNU;4WZGDpNwrC0vNQyl9QzF7d,6h1s4i4XKIYv4ErDelLDN0;Tilidin;Berlin lebt 2;Capital Bra,Samra;2019-10-03;172035;61;2022;german hip hop;631;673;6;-4.892;0;384;407;0;154;721;83.504;4
6TXoad1VT4r7fJ9QlPKx4E;1MeqFJRoXLAjOdqXlJaPwQ;VVS;VVS;Ero;2022-02-11;161584;58;2022;new school turkce rap,turkce drill;742;489;0;-13.982;0;141;0.14;843;113;327;101.027;4
4wLpDd099QT7TmNpMkFIvT;51DevdOxIJin6DB1FXJpD1;ZOR;EL CHAVO;UZI;2022-09-09;171641;71;2022;turkish trap;685;661;4;-9.014;0;208;838;0.00000123;626;0.0643;103.964;4
2FRX5tqHnjJKIAAmgRbsvJ;6CPZWzcKiOKkHn4L2XI4i2;Mingoflalar;Mingoflalar;cakal;2022-07-01;120600;65;2022;turkce drill;622;809;3;-5.782;0;105;246;0;319;606;100.114;4
4a0SQDAwphKijSWUXMUEWA;15AZJFNrXtIN4Nk8BIOnS2,0V2oXYR7DtrZAEFeILRW2r;Paranoya;Paranoya;Batuflex,Lvbel C5;2022-02-18;149383;54;2022;turkish hip hop,turkish trap,turkce drill;645;576;3;-11.467;0;0.0472;0.0151;0.0781;0.0968;688;142.105;3
6xqYhqQIa29qgkuwGtk1KJ;5W2dGRPmYetOpUIpErUtD3;GÃ¶zler Yalan SÃ¶ylemez;GÃ¶zler Yalan SÃ¶ylemez;Organize;2022-02-25;133226;64;2022;turkce drill,turkish hip hop;748;553;2;-9.672;0;145;0.0697;0.00703;175;158;105.026;4
72jYQj3RgTR1DFLfibD71B;51DevdOxIJin6DB1FXJpD1;ARASAN DA;ARASAN DA;UZI;2022-03-18;191709;64;2022;turkish trap;742;832;10;-6.812;1;156;425;242;108;441;105.978;4
2nyXqbL2oaTMBaOwSrOg82;13gqXJa3Mpcd3yHtcqXE3P,798ceFTnKCNT00aTswubPI,1b37T5A3Sm85ueNhe6g9Mx;Åžans;Ä°stanbul;Batdora,Dante,Odin;2022-07-05;201250;0;2022;;528;0.62;9;-8.219;1;288;413;0;0.2;224;95.481;4
3gnFk5AE2krbHApC7YrS2Q;0V2oXYR7DtrZAEFeILRW2r;Zor;Zor;Lvbel C5;2020-06-05;124557;58;2022;turkce drill,turkish hip hop,turkish trap;731;683;10;-5.111;0;0.11;205;0.0000121;647;176;130.019;4
0UPZYZghuk0ShJKrEiZ5jv;3AFt30387waHIjjDL63XeI,63bviSUQDcZQDVQXgcGSF0,6PZLfojwXRBjUE5YMpGIPS;London View (Remix);London View (Remix);OTP,Marin,Rambizz;2021-10-07;231665;63;2022;melodic drill,albanian hip hop;764;603;1;-9.434;0;354;361;0;122;0.6;143.091;4
5flH7FY4ledAQboO5a0XQ5;51DevdOxIJin6DB1FXJpD1,3BVPc9s4JXzM6O1InlLxED;SENIN UGRUNA;EL CHAVO;UZI,Mavi;2022-09-09;122000;72;2022;turkish trap,new school turkce rap;785;638;1;-7.081;1;109;357;0.0118;0.0982;348;127.058;4
4kkVO4RL8NLQgCSO7q0ZhT;6sBSLIunx1Je0Y2T77wpkP;Takip;Takip;Motive;2021-09-03;171850;69;2022;turkish hip hop,turkish trap;798;633;5;-10.5;0;0.0553;0.8;0.000948;0.0999;715;114.989;4
4NeOAItkkLHPOw35eDdGQo;27JkefjyyNpoRTWGDIt6Tc,0V2oXYR7DtrZAEFeILRW2r;SevmiÅŸ Gibi;SevmiÅŸ Gibi;Eftalya YaÄŸcÄ±,Lvbel C5;2022-08-12;150004;65;2022;turkish pop,turkce drill,turkish hip hop,turkish trap;816;543;8;-9.358;0;93;207;0.00037;0.0927;314;110.025;4
65tIJClJx8fHo6YW4wVDhi;0L3wrFI3QcbXAvFL7IaPQX;SuÃ§larÄ±mdan Biri;Atlantis;GÃ¼neÅŸ;2022-06-03;171894;71;2022;turkce kadin rap;763;733;5;-6.534;0;113;138;0;0.0827;587;94.977;4
2MvIexkUblP1QdpBzKot3N;51DevdOxIJin6DB1FXJpD1;CINDY;CINDY;UZI;2021-09-24;119206;70;2022;turkish trap;718;836;11;-4.654;1;317;537;0;0.0817;391;133.16;4
4zamjWcxvLNIkiAmBEQhda;6sBSLIunx1Je0Y2T77wpkP;SAVANA;22;Motive;2022-01-21;203632;60;2022;turkish hip hop,turkish trap;0.49;561;1;-9.178;1;286;407;0.0000023;138;0.57;146.012;4
6zUeLNZHEzENd8ts4V9yj2;0V2oXYR7DtrZAEFeILRW2r,15AZJFNrXtIN4Nk8BIOnS2;GÃ–NDER GELSÄ°N;C5MODE;Lvbel C5,Batuflex;2022-03-18;126959;61;2022;turkce drill,turkish hip hop,turkish trap;828;665;10;-11.656;0;128;0.0927;0.000511;103;913;139.935;4
46Zp8uVjBCEVeSUDsZ8EwI;3c96G4d2lUOxhomM2mby5S,6h1s4i4XKIYv4ErDelLDN0;Hades;Mythos;Bushido,Samra;2018-09-28;182400;51;2022;german hip hop;758;725;1;-4.88;1;117;0.0234;0;141;705;93.994;4
4Qy2Eo9URGWbV4VzwBTdxU;2JwyRtuXf2l6sTnSnGVIa1,5y9wg9qkGBl0n9v9RzaPKu,1sBkRIssrMs1AbVkOJbc7a;Scarface (feat. Capo & Rick Ross);Genkidama;Farid Bang,CAPO,Rick Ross;2020-05-29;181293;48;2022;german hip hop,dirty south rap,gangster rap,hip hop,rap,southern hip hop,trap;612;665;1;-6.288;0;139;334;0;327;543;88.019;4
7dzuZ548EXqIap1TSQtFOW;6LnJKrtFnTEGdbWQ2riWCL;AÄŸlattÄ±n;AÄŸlattÄ±n;Ezhel;2022-02-11;180200;55;2022;turkish hip hop,turkish trap;701;445;1;-9.931;0;0.0495;575;0;162;527;139.983;4
4FiDkc2woxfDbfCoSqx6pq;0V2oXYR7DtrZAEFeILRW2r,15AZJFNrXtIN4Nk8BIOnS2;HONG KONG;HONG KONG;Lvbel C5,Batuflex;2021-12-24;111901;58;2022;turkce drill,turkish hip hop,turkish trap;481;515;11;-13.273;1;285;0.0722;0.00000127;157;592;139.285;4
0AZSfB7efuLK2FWQpgMcRI;1qQLhymHXFPtP5U8KNKsm6;Ferrari Testarossa;Ferrari Testarossa;Apache 207;2018-08-15;220601;62;2022;german hip hop;764;831;9;-6.32;0;121;23;0;0.0698;282;133.044;4
7lkqbdBKrsyNNq3xi0LeaY;0L3wrFI3QcbXAvFL7IaPQX;NKBÄ°;Atlantis;GÃ¼neÅŸ;2022-06-03;177565;68;2022;turkce kadin rap;633;647;2;-6.129;0;0.03;0.00373;0.000206;122;115;100.033;4
0CqQx2dcNFmtYM4oTSECSt;5W2dGRPmYetOpUIpErUtD3;GayrimeÅŸru;GayrimeÅŸru;Organize;2022-05-27;118326;57;2022;turkce drill,turkish hip hop;708;841;7;-8.765;0;195;235;411;0.0996;446;143.854;4
5VjHlXXY1YduFrQI0EgUYm;0V2oXYR7DtrZAEFeILRW2r;SORUN NE KARDEÅž;C5MODE;Lvbel C5;2022-03-18;75875;47;2022;turkce drill,turkish hip hop,turkish trap;892;767;8;-11.091;1;134;601;0.000249;214;0.41;140.105;4
0rSC5fRAv9AMysBCt8X4kp;09WqkYnqWKUQAYSlEvaf6s;Geri Ver;Geri Ver;Murda;2021-05-14;191926;51;2022;turkce drill,turkish trap;695;653;5;-8.663;0;157;444;0;113;301;122.013;4
1XpmMe95dk9jh3zuOMpeU2;5SulO4l40qDuV9zUGLZx7n;Capri Sun;Hustle Mixtape;Capo Plaza;2022-06-03;199680;69;2022;italian hip hop,italian pop,trap italiana;683;852;0;-2.755;1;0.0636;0.0454;0;246;448;93.068;4
5BQwQDyMKyo4GCV7cDId21;4WZGDpNwrC0vNQyl9QzF7d,6h1s4i4XKIYv4ErDelLDN0,4hK7sEnm0se5bqoI3Yb5o1;Purple Rain;Berlin lebt 2;Capital Bra,Samra,SANTOS;2019-10-03;207750;55;2022;german hip hop;652;754;10;-5.086;0;264;293;0;0.15;483;160.005;4
6bOknVfYaDcWqvHSAw1EBG;13gqXJa3Mpcd3yHtcqXE3P,798ceFTnKCNT00aTswubPI,1b37T5A3Sm85ueNhe6g9Mx;Son El;Son El;Batdora,Dante,Odin;2020-12-18;237631;0;2022;;384;455;6;-12.176;0;234;227;0;103;258;51.678;3
3klG6fu28FrU9nNcBNX1lv;6sBSLIunx1Je0Y2T77wpkP;MASAL;22;Motive;2022-01-21;171789;60;2022;turkish hip hop,turkish trap;471;0.59;4;-7.829;0;229;652;0.0000897;186;392;125.672;5
6ALp9AUG6KFmya8JGmOxjt;6CPZWzcKiOKkHn4L2XI4i2,5eioJDe26lOqkAMbuhzZYs;Gostoso;Paradoks;cakal,Gzuz;2022-05-13;157613;52;2022;turkce drill,deep german hip hop,german hip hop,hamburg hip hop;708;758;2;-7.39;1;316;209;0.00000736;0.24;613;142.148;4
1Wv8KLxurCTT0wjnldB8Bw;7kNqXtgeIwFtelmRjWv205,4pT84mlmySh9CkiGfJA9xV,6KJPsGYJN54GllYOKTleaj;Human (feat. Echoes) - Aaron Hibell Extended Remix;Human (feat. Echoes) [Aaron Hibell Extended Remix];John Summit,Echoes,Aaron Hibell;2022-02-25;433792;38;2022;edm,house,pop dance,tech house,uk dance,stutter house;0.58;576;5;-7.881;0;0.0323;0.0156;0.0736;0.0963;0.0512;132.041;4
6f3Slt0GbA2bPZlz0aIFXN;2o5jDhtHVPhrJdv3cEQ99Z;The Business;The Business;TiÃ«sto;2020-09-16;164000;79;2022;big room,brostep,dutch edm,edm,house,pop dance,slap house,trance;798;0.62;8;-7.079;0;232;414;0.0192;112;235;120.031;4
1r0PLedFwwsxU394jUdNQ3;6sBSLIunx1Je0Y2T77wpkP,2rEDzxGSP3mUXjf6s0ENc1;KÃœLÃœ KALDI;22;Motive,doga;2022-01-21;140000;56;2022;turkish hip hop,turkish trap;644;692;3;-6.43;0;0.0823;0.0694;0;73;472;155.912;4
4SF1K7VfTBnVSEyBCrrUWK;3c96G4d2lUOxhomM2mby5S;Alles wird gut;Zeiten Ã¤ndern dich;Bushido;2010-02-22;218106;62;2022;german hip hop;632;786;6;-7.431;0;437;239;0;337;522;93.425;4
3c9IKwzgIPcCweCl9so748;2vVNxGBvKRQMWwI5c8KmYh;Underwater;Underwater;Tujamo;2021-07-30;141895;68;2022;dutch house,edm,electro house,melbourne bounce,pop dance,progressive electro house;703;692;1;-5.748;0;0.0412;0.00469;0.00000164;0.12;491;124.077;4
2V64fb2d4QiLDJggvQ96oP;0V2oXYR7DtrZAEFeILRW2r;Andale;Andale;Lvbel C5;2021-05-07;164000;48;2022;turkce drill,turkish hip hop,turkish trap;751;626;9;-8.17;0;233;0.25;131;318;467;144.062;4
0zryFWOTwY1BDcED6t27Sl;6CPZWzcKiOKkHn4L2XI4i2,5JJc8is4VzgOz8ZanDj18J,4xklx5DAtVru5uf3vSXTgf;DÃ¼nya Fani;DÃ¼nya Fani;cakal,Arem Ozguc,Arman Aydin;2022-06-17;116572;60;2022;turkce drill,turkish edm;757;0.89;6;-5.356;1;0.0461;0.0111;0.000105;169;682;122.054;4
0HIPXxfqR9hyvK6XjdKl33;798ceFTnKCNT00aTswubPI;Show Me How;Show Me How;Dante;2021-09-22;147005;1;2022;;703;386;5;-12.003;0;58;29;0.0025;0.11;0.0864;98.002;4
1ijjjMFlM3Pe8t3ykXBzxk;51DevdOxIJin6DB1FXJpD1,7GaMopkesD4KK9dNbgyO5D;Mahalle;Kan;UZI,Eko Fresh;2021-03-19;152301;58;2022;turkish trap,cologne hip hop,german hip hop,turkish hip hop;691;733;8;-4.578;1;0.36;399;0;0.0875;527;84.727;4
0NA5xAtDra50d0Lfs2uvoh;0iEtIxbK0KxaSlF7G42ZOp,1zNqQNIdeOUZHb8zbZRFMX,3tVQdUvClmAT7URs9V3rsp;Borrowed Love (feat. Swae Lee & WizKid);NOT ALL HEROES WEAR CAPES (Deluxe);Metro Boomin,Swae Lee,Wizkid;2018-11-06;230240;66;2022;rap,melodic rap,trap,afrobeats,afropop,azonto,nigerian hip hop,nigerian pop;0.52;594;11;-8.81;0;462;0.44;0;185;393;129.216;5
17zIQr0R5oOWf4XHcRPDL7;5W2dGRPmYetOpUIpErUtD3;Film;Film;Organize;2022-07-01;118285;49;2022;turkce drill,turkish hip hop;764;666;4;-8.39;0;188;302;0.0000557;77;684;140.128;4
6MnB500gDVMIiGJbhJZbDw;3BVPc9s4JXzM6O1InlLxED,0L3wrFI3QcbXAvFL7IaPQX;Benim Ä°stanbul'um Sensin;Benim Ä°stanbul'um Sensin;Mavi,GÃ¼neÅŸ;2022-02-11;164000;55;2022;new school turkce rap,turkce kadin rap;688;703;1;-7.545;1;0.0887;0.0594;0.000106;154;301;120.053;4
6gxLEbRJlorva6uVRW4gof;51DevdOxIJin6DB1FXJpD1;PAPARAZZI;PAPARAZZI;UZI;2021-11-19;164000;69;2022;turkish trap;854;796;9;-5.871;0;216;464;0.00000121;0.0684;382;109.995;4
7nJBXYIjC16eCzC4jw8Wiw;2y1VzMKAa5nmfXKtJL9jnj,0wCKNMsqYasJBFVagjay49;Imdat;Imdat;Murda,Hadise;2022-07-01;194609;58;2022;basshall,turkish hip hop,turkish trap,turkish deep house,turkish pop;965;338;9;-9.306;1;128;463;0.0000219;0.0636;961;130.002;4
1ftln1emQR93Oyw0pJqN2i;0Dvx6p8JDyzeOPGmaCIH1L,3CJKkU0XuElRT1z8rEtIYg;2CB;Zukunft 1 & 2;RAF Camora,Luciano;2021-10-01;172288;65;2022;german hip hop,german drill;0.82;725;10;-6.449;0;208;456;457;114;364;125.049;4
6AFIVhbJLR7YVvW9fLFMu1;6h1s4i4XKIYv4ErDelLDN0,4WZGDpNwrC0vNQyl9QzF7d;Huracan;Huracan;Samra,Capital Bra;2019-09-05;182238;50;2022;german hip hop;681;701;2;-5.192;0;442;388;0;132;518;170.072;4
70skoejqfxS3FyAb7kLxJO;5pVRwX5ZQR7hfJ18w8ZYkl,78wZzI7u1cOjXKuYzqZI6l;Zweifel;Nur fÃ¼r dich;Ufo361,Sonus030;2020-10-02;166177;48;2022;german cloud rap,german hip hop;543;566;6;-10.777;0;199;114;0.0000127;112;126;121.461;5
5h1Zdr8ghV5RaWjtdfVo8w;5wyWp867LWGjFmYZXVSFnZ,2y1VzMKAa5nmfXKtJL9jnj;Konum Gizli (feat. Murda);Konum Gizli (feat. Murda);MERO,Murda;2022-05-12;198581;65;2022;german hip hop,basshall,turkish hip hop,turkish trap;862;506;10;-8.651;0;267;0.0542;0.0000296;117;512;136.052;4
0y07MvJpFBuMEtsa0bIeJj;6sBSLIunx1Je0Y2T77wpkP;BANA GAYRET;22;Motive;2022-01-21;145822;56;2022;turkish hip hop,turkish trap;698;452;0;-9.565;1;192;0.16;0;0.12;0.36;79.009;4
7dFVvPxqk4O32ra3VjfUwU;51DevdOxIJin6DB1FXJpD1;UNUTTUM;EL CHAVO;UZI;2022-09-09;156636;62;2022;turkish trap;699;701;0;-6.966;1;245;0.0302;0.0000302;502;762;141.043;4
1Syhm4vkn6n2DYuFnyI60s;5pVRwX5ZQR7hfJ18w8ZYkl;ScheiÃŸ auf eure Party;Ich bin 2 Berliner;Ufo361;2016-09-30;220327;68;2022;german cloud rap,german hip hop;745;551;6;-9.058;0;235;0.05;0;105;0.15;122.011;4
5rufUNz0ysikbAFaLM1w78;50vzDEhi6E5LovC36ZFZvs;PER LA FAMILIA;PER LA FAMILIA;Fanatic;2022-06-29;130306;28;2022;;0.47;772;2;-6.533;1;452;295;0.000017;247;661;137.625;4
5gvEyl4OLhD6kJ3aZ43sd3;5344K3N7rx7kw1HjO8psuq;Heaven;Heaven;James Carter;2021-10-15;124655;63;2022;pop dance,uk dance;737;849;11;-6.071;0;35;0.0201;0.0000721;132;675;115.993;4
5HnGkcz5cGbJRRDe0648f9;7GaMopkesD4KK9dNbgyO5D,7HLErdUiPhh7mg5AxVEAX0,51DevdOxIJin6DB1FXJpD1,6sBSLIunx1Je0Y2T77wpkP,6I65kFgfXDWx56jwnip3TU;Turkish Nightmare (feat. Motive & Hayki);Turkish Nightmare (feat. Motive & Hayki);Eko Fresh,Killa Hakan,UZI,Motive,Hayki;2020-12-18;243250;48;2022;cologne hip hop,german hip hop,turkish hip hop,turkish trap;626;666;10;-6.071;0;291;211;0;153;477;90.577;4
5jIaEzm69OQiXgpJN3MSdo;2u4xMsh0M2B7R8Wb3pEWae,03cvjFEHz8eGwYHq1L0Pp2;Taksim;Taksim;AnÄ±l PiyancÄ±,Kaan BoÅŸnak;2022-03-18;191460;43;2022;turkce drill,turkish hip hop,turkish trap,turkish alt pop,turkish rock;703;626;10;-8.043;0;201;279;0.000441;112;393;178.013;4
2VYtAJuuOr6RyOOggzSTIB;1k7Cc2WGh6LAE1TUh6dsiy,3zOUpziwcfY2bCh4VyJ4Am;Over & Over;Over & Over;Dark Heart,NJOMZA;2021-08-27;147110;59;2022;;774;825;6;-4.283;0;0.0536;286;0.000215;103;637;120.983;4
0GpwiBOL0bNvkouVvUoBZf;0V2oXYR7DtrZAEFeILRW2r;GÃ–RÃœN NE HALÄ°NÄ°Z VARSA;C5MODE;Lvbel C5;2022-03-18;65687;55;2022;turkce drill,turkish hip hop,turkish trap;696;531;5;-10.087;1;0.0966;0.00437;0.00121;292;204;89.859;4
4hy4nY2PiYWx8qVXjpky3P;51DevdOxIJin6DB1FXJpD1;Vur;Kan;UZI;2021-03-19;155010;66;2022;turkish trap;826;584;0;-7.311;1;366;519;0;236;0.21;89.016;4
4CFYUqMwzV3ENIeLEpj2MU;7Gx2wDVHyW5HJh7dc2t5h7,65RQbLHJIWPfWwxYJ5a5BZ;80 Kere;80 Kere;Lil Zey,Rosalie.;2021-09-10;159190;54;2022;turkce kadin rap,turkish hip hop,turkish trap,polish alternative,polish electronica;726;781;1;-6.595;0;0.0484;212;0;109;428;98.03;4
6KD5ZksRojNTSHlRRLIpor;1XKjtpH5P81gpOXDB91IEB;Club My - KMN Street EP.2;Casia Deluxe;Miami Yacine;2017-10-13;131840;63;2022;albanian hip hop,german hip hop;878;668;8;-6.627;0;0.0546;201;0.0000429;77;587;125.962;4
6GDpxEOvaXS0nbqSrFtDAQ;0V2oXYR7DtrZAEFeILRW2r;10 NUMARA;10 NUMARA;Lvbel C5;2021-10-15;118565;66;2022;turkce drill,turkish hip hop,turkish trap;684;652;11;-10.144;1;164;0.00667;0.000236;0.0816;654;142.068;4
7jnN5sT8rk6PIvBZRWYdJj;1CcZoULzFHa8Uhwo6OlQcp;Herkes Gibisin;Herkes Gibisin;Semicenk;2022-05-06;185333;68;2022;turkish pop;686;493;8;-9.845;1;142;0.0296;0.000023;111;236;90.069;4
4L1ctj42sEuJ3MvO5lsXCJ;6CPZWzcKiOKkHn4L2XI4i2,5FqTuN42w2zGw4Pzd50yaS;PÄ°ÅžMAN;PÄ°ÅžMAN;cakal,Reckol;2021-09-10;149824;57;2022;turkce drill;671;515;1;-6.177;1;0.0375;0.0299;0;131;309;112.054;4
41708L5bJWJfOq5XW564XC;1xYwO3igKogfuoti47VcRO,0wRnjAHGScDzaDzrJlcpIy;wtd freestyle;wtd freestyle;Eser Inc.,ARDA ERDEM;2022-10-01;114381;52;2022;new school turkce rap;813;773;10;-4.669;0;321;0.58;0.00754;284;791;92.951;4
1Uefy9pAr8fCduTPqXHjUa;39KEQQAG9JhIt71g9NEVhh,2otUckChxWf2cp6UP2cD6e;Lelele;Super Plus;Azet,Zuna;2019-03-08;190341;55;2022;albanian hip hop,german hip hop;837;689;1;-5.025;1;217;0.0566;0.000123;0.0971;489;125.374;5
5OKZmPWtGoK3ZOj2VCicjM;15AZJFNrXtIN4Nk8BIOnS2;Fendi Gucci Prada;Marka;Batuflex;2022-07-22;90475;56;2022;turkish hip hop,turkish trap;766;704;8;-9.005;0;0.0591;0.37;0.00509;0.14;315;138.001;4
5dDPHl9ZvQKcNm7jrFHWWQ;1b37T5A3Sm85ueNhe6g9Mx,798ceFTnKCNT00aTswubPI;Vega;Vega;Odin,Dante;2021-03-04;180989;0;2022;;612;566;10;-9.465;0;129;179;0.00000558;0.0928;416;150.01;4
19LqJBBfd73oeBc3CPgDdl;6h1s4i4XKIYv4ErDelLDN0,4unaJKYfY4B51exXVQSilo;Lost (feat. TOPIC42);Lost (feat. TOPIC42);Samra,TOPIC42;2020-12-10;140026;55;2022;german hip hop;658;843;10;-2.912;0;0.13;0.0475;0.0000187;136;339;93.23;4
0GwSSml9L21vNI7VGLz1ae;6sBSLIunx1Je0Y2T77wpkP,09WqkYnqWKUQAYSlEvaf6s;Ã–mrÃ¼m;Ã–mrÃ¼m;Motive,Murda;2021-09-03;240000;65;2022;turkish hip hop,turkish trap,turkce drill;0.76;716;8;-7.288;1;0.0534;312;0;103;136;115.047;4
3HEfzQob3O16TIDMPC8PTx;0L3wrFI3QcbXAvFL7IaPQX,51DevdOxIJin6DB1FXJpD1;Dua;Dua;GÃ¼neÅŸ,UZI;2020-12-11;178640;70;2022;turkce kadin rap,turkish trap;776;727;0;-6.565;1;0.0377;254;0;155;147;100.004;4
7yh1cbY5F07hgAucE4fhyR;1b37T5A3Sm85ueNhe6g9Mx,798ceFTnKCNT00aTswubPI;Ä°nanÄ±rÄ±z Yalana;Ä°nanÄ±rÄ±z Yalana;Odin,Dante;2021-01-29;144867;1;2022;;692;557;8;-8.437;1;192;508;0;169;0.27;88.474;4
1LuaqpbhicGeIYCptQf7cO;2RL1fxftHZRkaF1JQ62gaV;Zenti;Zenti;EX;2021-09-10;84000;61;2022;new school turkce rap,turkce drill;648;537;1;-9.402;1;0.0922;292;0.000161;0.0573;109;133.803;4
7BdX72cipeyKWnMpkdQfmT;0V2oXYR7DtrZAEFeILRW2r;BEMBEYAZ KEFENDEN;C5MODE;Lvbel C5;2022-03-18;122671;52;2022;turkce drill,turkish hip hop,turkish trap;862;826;7;-10.911;1;229;0.0488;0;0.0933;511;134.946;4
5TkQatzJqKafPgHQerZ0dL;51DevdOxIJin6DB1FXJpD1,3BVPc9s4JXzM6O1InlLxED;Gecenin IÃ§ine Gir;Kan;UZI,Mavi;2021-03-19;200000;61;2022;turkish trap,new school turkce rap;0.44;705;0;-4.936;0;0.0943;277;0;127;165;137.015;4
1hPm6PrWcfZcyMZAAftTRJ;1b37T5A3Sm85ueNhe6g9Mx,13gqXJa3Mpcd3yHtcqXE3P;Sildim;Sildim;Odin,Batdora;2021-12-07;193057;0;2022;;0.57;543;4;-10.577;0;0.0879;655;0;144;0.04;120.248;4
4kKrDES6pHVOt6kKjZFJF2;1eQzZsJAtBVhN9WP62oXM2;H.A.L.O.;H.A.L.O.;Xir;2021-07-09;145815;40;2022;turkish hip hop,turkish trap;724;573;7;-10.151;0;148;511;0.0211;112;289;100.973;4
7G7xvFVMNFpCo3c3CF6km8;5y9wg9qkGBl0n9v9RzaPKu;Alles auf Rot;Alles auf Rot;CAPO;2017-07-07;213933;58;2022;german hip hop;779;698;5;-6.704;0;0.0895;212;0.00022;0.0816;348;121.987;4
2dTMlaRJPRMDUbPHdn5AzC;51DevdOxIJin6DB1FXJpD1;Paranoya;Paranoya;UZI;2020-06-19;212114;66;2022;turkish trap;809;668;2;-6.105;1;0.0482;353;0;185;298;120.026;4
4RYJShCaTbKXsATAIwaD5Q;13gqXJa3Mpcd3yHtcqXE3P,798ceFTnKCNT00aTswubPI,1b37T5A3Sm85ueNhe6g9Mx;Eden;Eden;Batdora,Dante,Odin;2021-02-06;206423;0;2022;;573;694;5;-3.823;0;0.0534;587;0;0.0971;0.33;100.252;4
1mk51hK2M4CUXEa028I3DB;6LnJKrtFnTEGdbWQ2riWCL;Daima;Daima;Ezhel;2022-04-29;204955;56;2022;turkish hip hop,turkish trap;827;561;9;-6.736;1;0.33;563;0.00268;0.0894;446;143.026;4
11nCZnfaUl7BDwBCoezUTf;697ZbUKLJSEWWhtayAGxBY;Money On My Mind;Trap Billie Jean V.1 Mixtape;Faroon;2021-03-19;177625;60;2022;german hip hop;695;654;5;-5.614;0;107;315;0;0.0619;659;86.62;5
21gsq4esxsCV46ikMdqmaV;51DevdOxIJin6DB1FXJpD1;DÃ¼ÅŸ Yakamdan;DÃ¼ÅŸ Yakamdan;UZI;2020-04-24;199000;58;2022;turkish trap;763;727;1;-7.626;1;0.0726;554;0.00000486;109;613;139.946;4
4m3ljlctmzWajEZPgxXOBb;1mFGfrveXbpolppPgO29Io,5gMP6mQ9eKRREGd2ofMvfU;Go;Go;TCTS,Maroox;2022-07-29;142349;63;2022;deep groove house,house,uk dance;0.68;853;3;-5.671;0;0.0503;0.0127;0.000685;199;604;124.981;4
3Z14anmq3j3aKSVd81sCQz;0V2oXYR7DtrZAEFeILRW2r;200 MÄ°LYAR;200 MÄ°LYAR;Lvbel C5;2022-06-10;126022;55;2022;turkce drill,turkish hip hop,turkish trap;866;318;2;-8.179;1;477;0.0429;0;0.0334;579;85.026;4
7yZsV6atYj1VskcD5M5TA5;5DtQ3MpxpzAyDvgMNFWN1r;Ha Åžunu Bileydin;Ha Åžunu Bileydin;Tepki;2022-04-22;145739;34;2022;turkish hip hop,turkish trap;467;678;2;-6.964;1;0.0995;127;0;0.0831;354;91.303;4
161M16lJpF7elH98Q4MysB;6LnJKrtFnTEGdbWQ2riWCL;Derman;MÃ¼ptezhel;Ezhel;2017-05-25;248738;64;2022;turkish hip hop,turkish trap;828;565;5;-9.763;1;0.21;0.48;0.00985;205;516;109.968;4
3bzFJRToxJcVVBq1aybCvC;7hQmAXAzWI6D350VTgkKTG;Temptation - Extended version;Temptation;Arash;2005-08-23;296200;21;2022;persian pop;722;0.8;4;-5.338;0;0.0498;0.00164;0.00000804;0.0313;965;107.993;4
3w1WjD2zJqjBjDz5fwqQPJ;2LIk90788K0zvyj2JJVwkJ;Tyler Herro;Thats What They All Say;Jack Harlow;2020-12-11;156578;80;2022;deep underground hip hop,kentucky hip hop,pop rap,rap;792;793;5;-6.185;0;0.0841;0.0872;0;0.22;775;123.031;4
3NFMLi0FhAkxZNPs1UhYtB;6sBSLIunx1Je0Y2T77wpkP;KALA KAL;22;Motive;2022-01-21;159587;61;2022;turkish hip hop,turkish trap;651;594;7;-7.765;0;0.0832;226;0;119;288;97.018;4
0YnHCIk1Ppy7FIzdvjspts;656ibQgcoUQrUPdhQWRcI3,2RkjEzhUyusJ4KrD5A9yiv;I Don't Wanna Know;I Don't Wanna Know;SOMMA,Brenda Mullen;2020-07-24;151048;57;2022;;0.75;805;8;-6.438;0;324;145;0;297;882;120.008;4
7G30f2Sqsgrxet5IWYLDnR;2JwyRtuXf2l6sTnSnGVIa1,4WZGDpNwrC0vNQyl9QzF7d,7yCKN6vsAdJeyG5J7wGhFd;BERETTA;DEUTSCHRAP BRANDNEU;Farid Bang,Capital Bra,SANNA;2022-07-15;212006;52;2022;german hip hop,german pop;694;0.64;2;-6;1;127;0.0474;0.00000277;0.39;195;89.964;4
4oH4AouYQw8RopRCjzz1if;1ITjgqpqMDJlqZGAK3mlPQ;ArdÄ±ndan;ArdÄ±ndan;Sefo;2020-09-11;202300;49;2022;turkish trap;646;698;4;-5.655;0;0.0338;0.0486;0;0.27;0.34;149.941;4
6HGleB7bjIUe6TtPK6JlIi;5eioJDe26lOqkAMbuhzZYs;Â¿ Warum ?;Wolke 7;Gzuz;2018-05-25;192254;58;2022;deep german hip hop,german hip hop,hamburg hip hop;542;717;5;-4.241;1;405;372;0;131;483;159.91;4
7yh1cbY5F07hgAucE4fhyR;1b37T5A3Sm85ueNhe6g9Mx,798ceFTnKCNT00aTswubPI;Ä°nanÄ±rÄ±z Yalana;Ä°nanÄ±rÄ±z Yalana;Odin,Dante;2021-01-29;144867;1;2021;;692;557;8;-8.437;1;192;508;0;169;0.27;88.474;4
6bOknVfYaDcWqvHSAw1EBG;13gqXJa3Mpcd3yHtcqXE3P,798ceFTnKCNT00aTswubPI,1b37T5A3Sm85ueNhe6g9Mx;Son El;Son El;Batdora,Dante,Odin;2020-12-18;237631;0;2021;;384;455;6;-12.176;0;234;227;0;103;258;51.678;3
0HIPXxfqR9hyvK6XjdKl33;798ceFTnKCNT00aTswubPI;Show Me How;Show Me How;Dante;2021-09-22;147005;1;2021;;703;386;5;-12.003;0;58;29;0.0025;0.11;0.0864;98.002;4
5dDPHl9ZvQKcNm7jrFHWWQ;1b37T5A3Sm85ueNhe6g9Mx,798ceFTnKCNT00aTswubPI;Vega;Vega;Odin,Dante;2021-03-04;180989;0;2021;;612;566;10;-9.465;0;129;179;0.00000558;0.0928;416;150.01;4
4RYJShCaTbKXsATAIwaD5Q;13gqXJa3Mpcd3yHtcqXE3P,798ceFTnKCNT00aTswubPI,1b37T5A3Sm85ueNhe6g9Mx;Eden;Eden;Batdora,Dante,Odin;2021-02-06;206423;0;2021;;573;694;5;-3.823;0;0.0534;587;0;0.0971;0.33;100.252;4
6ipyu0Am4avjFkBcFAhVAz;6LnJKrtFnTEGdbWQ2riWCL;Bul Beni;Bul Beni;Ezhel;2021-07-02;154173;64;2021;turkish hip hop,turkish trap;558;543;6;-7.849;0;375;521;0;103;0.33;104.113;4
40iJIUlhi6renaREYGeIDS;3TVXtAsR1Inumwj472S9r4,0Y5tJX1MQlPlqiwlOH1tJY;Fair Trade (with Travis Scott);Certified Lover Boy;Drake,Travis Scott;2021-09-03;291175;86;2021;canadian hip hop,canadian pop,hip hop,pop rap,rap,slap house;666;465;1;-8.545;1;0.26;0.0503;0;215;292;167.937;4
4DuUwzP4ALMqpquHU0ltAB;2LIk90788K0zvyj2JJVwkJ;Tyler Herro;Tyler Herro;Jack Harlow;2020-10-22;156497;67;2021;deep underground hip hop,kentucky hip hop,pop rap,rap;794;756;5;-7.16;0;136;0.11;0;247;775;123.066;4
2N8jIpNMutjwnt50OroVVL;5dHt1vcEm9qb8fCyLcB3HL,5LHRHt1k9lMyONurDHEdrp;Dennis Rodman (feat. Tyga);Floor Seats II;A$AP Ferg,Tyga;2020-09-25;198306;56;2021;hip hop,pop rap,rap,southern hip hop,trap;741;537;1;-6.797;1;143;0.0358;0;146;233;80.454;4
7dh92CvM5NQRcyBVSMiDle;2XsT1ReJB0oZykMLN0bEun,5G3OUmDl3R4rEn9zSWZTpw;Ã‡ALIKUÅžU (feat. Lia Shine);Ã‡ALIKUÅžU (feat. Lia Shine);GOKO!,Lia Shine;2021-02-26;221250;41;2021;new school turkce rap,turkish hip hop;567;726;4;-4.982;0;0.0646;0.0676;0;297;183;175.999;4
18yBnbSt7VvEVV3Hkm9xwV;6CPZWzcKiOKkHn4L2XI4i2;LÃ¼tfen;LÃ¼tfen;cakal;2021-07-09;147839;0;2021;turkce drill;634;785;3;-6.727;0;144;0.0919;0;564;532;124.963;4
5TbzAWWc5eJaANpA9kfGCd;34v5MVKeQnIo0CWYMbbrPf;Love Me Again;Tribute;John Newman;2013-01-01;239894;80;2021;dance pop;495;894;2;-4.814;0;0.0441;0.00453;0.000596;103;213;126.03;4
1rAw9FsEsAEIj9gVCrvd5j;0FUsrstJwmg4WVHQMTYuUA;Darilmak Yok;Darilmak Yok;ÅžehinÅŸah;2020-12-28;166956;60;2021;turkish hip hop,turkish trap;616;844;8;-3.717;1;0.0647;0.0535;0;268;0.51;149.99;4
72t3CRd8YEFrlc3x0OVaob;51DevdOxIJin6DB1FXJpD1;Umrumda DeÄŸil;Kan;UZI;2021-03-19;185458;68;2021;turkish trap;711;677;6;-5.824;0;106;293;0;0.0853;177;104.957;4
0qNeSaQsn2MzBppf6T8GdR;15AZJFNrXtIN4Nk8BIOnS2;DÃ¼nya Hain;DÃ¼nya Hain;Batuflex;2021-06-25;145655;61;2021;turkish hip hop,turkish trap;762;546;9;-9.89;1;0.0624;675;0;0.12;312;144.948;4
5IUtvfNvOyVYZUa6AJFrnP;7c0XG5cIJTrrAgEC3ULPiq,246dkjvS1zLTtiykXe5h60;Spicy (feat. Post Malone);Featuring Ty Dolla $ign;Ty Dolla $ign,Post Malone;2020-10-23;143375;71;2021;hip hop,pop rap,r&b,southern hip hop,trap,trap soul,dfw rap,melodic rap,pop,rap;782;0.51;4;-5.724;0;0.0419;143;0;115;118;99.993;4
37ZJ0p5Jm13JPevGcx4SkF;58lV9VcRSjABbAbfWS6skp;Livin' On A Prayer;Slippery When Wet;Bon Jovi;1986-08-16;249293;88;2021;glam metal,rock;532;887;0;-3.757;1;0.0335;0.0778;0.000214;294;795;122.511;4
1YRUWp8dGcZEr4hKHnJqDQ;1b37T5A3Sm85ueNhe6g9Mx,798ceFTnKCNT00aTswubPI;Andromeda;Andromeda;Odin,Dante;2020-03-17;161063;0;2021;;733;189;5;-17.026;0;108;767;0.000166;0.34;287;107.991;4
0M6TRIhQggFpwgaefCfnGH;0EyuKHE1AeE9lWUF8mzKVp;Hemorrhage (In My Hands);Something Like Human;Fuel;2000-09-08;236866;50;2021;alternative metal,nu metal,post-grunge;313;831;1;-3.894;1;0.0404;0.000127;0.000341;0.24;332;152.034;4
4p1XKEVBBDBjqme1KFcs0A;1TIQZBUSqWPrBZuh80x6Rz;High and Dry;High and Dry;Geoff Castellucci;2021-01-02;257269;34;2021;;287;336;4;-11.655;1;0.0295;646;0.0179;0.12;273;173.456;4
3dxiWIBVJRlqh9xk144rf4;6XyY86QOPPrYVGvF9ch6wz;Breaking the Habit;Meteora (Bonus Edition);Linkin Park;2003-09-16;196906;76;2021;alternative metal,nu metal,post-grunge,rap metal,rock;579;849;4;-5.218;0;0.0303;108;0;0.0909;581;100.021;4
0GwSSml9L21vNI7VGLz1ae;6sBSLIunx1Je0Y2T77wpkP,09WqkYnqWKUQAYSlEvaf6s;Ã–mrÃ¼m;Ã–mrÃ¼m;Motive,Murda;2021-09-03;240000;65;2021;turkish hip hop,turkish trap,turkce drill;0.76;716;8;-7.288;1;0.0534;312;0;103;136;115.047;4
33gwZOGJWEZ7dRWPqPxBEZ;0c173mlxpT3dSFRgMO8XPh,246dkjvS1zLTtiykXe5h60;Wolves (feat. Post Malone);Detroit 2;Big Sean,Post Malone;2020-09-04;199758;73;2021;detroit hip hop,hip hop,pop rap,r&b,rap,trap,dfw rap,melodic rap,pop;724;675;2;-5.267;1;0.0867;0.0978;0.00000941;351;325;160.048;4
11ShjP4moSAqYDRwS3Soya;2QDHxmDObOuv9MCeBYiFtq,1iJrQKRh5aJnp6cG5lpITr;Hennessy;DMT;Ceg,Khontkar;2020-12-11;206587;46;2021;turkish hip hop,turkish trap;792;0.76;8;-5.471;0;151;257;0.00000392;291;469;142.98;4
0yxcKh3LmIFmrSrQaooQ5I;6LnJKrtFnTEGdbWQ2riWCL;Sakatat;Sakatat;Ezhel;2021-04-02;156148;52;2021;turkish hip hop,turkish trap;857;545;4;-7.3;0;472;487;0.0152;337;0.57;107.038;4
2DTpP3caqX3QdJIEoS83mD;6C1ohJrd5VydigQtaGy5Wa,6l3HvQ5sa6mXTsMTB19rO5;Your Heart;Your Heart;Joyner Lucas,J. Cole;2021-09-24;198620;67;2021;boston hip hop,hip hop,pop rap,rap,conscious hip hop,north carolina hip hop;861;637;6;-7.701;0;133;392;0;0.0929;754;87.006;4
3kUxUw4b766Fk5RNGK0ZCA;2xiIXseIJcq3nG7C8fHeBj;Give In To Me;Transit Of Venus;Three Days Grace;2012-10-02;199000;45;2021;alternative metal,canadian metal,canadian rock,nu metal,post-grunge,rock;349;786;9;-4.771;1;0.0351;0.00658;0;117;251;178.982;4
4HN9HwQ7yRCY7BdDRJftwr;0L3wrFI3QcbXAvFL7IaPQX,6sBSLIunx1Je0Y2T77wpkP;Yola Koyul;Yola Koyul;GÃ¼neÅŸ,Motive;2020-03-06;197142;55;2021;turkce kadin rap,turkish hip hop,turkish trap;644;624;6;-6.618;0;125;326;0;232;428;111.924;4
2jdSUFGEuB7gzn8CvnLFkN;13gqXJa3Mpcd3yHtcqXE3P,1b37T5A3Sm85ueNhe6g9Mx;Elvis;Elvis;Batdora,Odin;2021-03-22;115866;0;2021;;687;442;10;-10.664;0;304;189;0.00211;0.0699;164;149.885;4
4kKrDES6pHVOt6kKjZFJF2;1eQzZsJAtBVhN9WP62oXM2;H.A.L.O.;H.A.L.O.;Xir;2021-07-09;145815;40;2021;turkish hip hop,turkish trap;724;573;7;-10.151;0;148;511;0.0211;112;289;100.973;4
4WmS1ZuledEAlrpJv1E22s;02kJSzxNuaWGqwubyUba0Z,2cFrymmkijnjDg9SS92EPM;Remember You (feat. blackbear);These Things Happen;G-Eazy,blackbear;2014-06-20;215880;50;2021;indie pop rap,oakland hip hop,pop rap,rap,pop;654;565;4;-8.741;0;196;345;0;157;207;140.079;4
4TIqzdAssasqx3DAe6cG9J;6C1ohJrd5VydigQtaGy5Wa,5f7VJjfbwm532GiveGC0ZK;Ramen & OJ;Ramen & OJ;Joyner Lucas,Lil Baby;2021-04-30;218447;74;2021;boston hip hop,hip hop,pop rap,rap,atl hip hop,atl trap,trap;597;571;1;-6.205;0;293;492;0;93;165;106.196;3
0k1WUmIRnG3xU6fvvDVfRG;3TVXtAsR1Inumwj472S9r4,1RyvyyTE3xzB2ZywiAwp0i,50co4Is1HCEo8bhOyUWKpn;Way 2 Sexy (with Future & Young Thug);Certified Lover Boy;Drake,Future,Young Thug;2021-09-03;257604;78;2021;canadian hip hop,canadian pop,hip hop,pop rap,rap,atl hip hop,southern hip hop,trap,atl trap,gangster rap,melodic rap;803;597;11;-6.035;0;141;0.000619;0.0000045;323;331;136.008;4
09IOPhEh1OMe0HD9b36FJk;246dkjvS1zLTtiykXe5h60;Over Now;beerbongs & bentleys;Post Malone;2018-04-27;246986;68;2021;dfw rap,melodic rap,pop,rap;569;777;4;-4.041;0;0.0834;139;0;132;181;164.027;4
6vAi4M3eHjJ6lx6LB9U3CX;1Xz8iP9Dvl5uI88iraOhs7;Bir;Bir;Pentagram;2002;245226;48;2021;oriental metal,turkish alternative,turkish metal,turkish rock;519;919;2;-6.531;0;38;0.00021;0.00000542;103;677;138.008;4
1aXFBWnnPFRKUN7vuIA5h0;2ye2Wgw4gimLv2eAKyk1NB;Turn The Page;Garage Inc.;Metallica;1998-01-01;366466;67;2021;hard rock,metal,old school thrash,rock,thrash metal;426;813;8;-3.963;1;0.0318;0.0000194;22;0.0937;228;149.013;4
0wwPcA6wtMf6HUMpIRdeP7;3TVXtAsR1Inumwj472S9r4;Hotline Bling;Views;Drake;2016-05-06;267066;82;2021;canadian hip hop,canadian pop,hip hop,pop rap,rap;891;628;2;-7.863;1;0.0551;0.00258;0.00019;0.0504;552;134.966;4
68xnudIZzP49DreYAMlbqZ;40KlwpvpKEQtZTJgbml8lT;Kupa KÄ±zÄ± Ve Sinek Valesi;Teo;Teoman;2003-03-05;295066;68;2021;turkish rock;586;773;8;-5.724;0;0.0303;0.0187;0;314;369;94.83;4
04kJBtbRLM5eZff4OJDLZx;6LnJKrtFnTEGdbWQ2riWCL;Allah'Ä±ndan Bul;Allah'Ä±ndan Bul;Ezhel;2020-10-09;181074;61;2021;turkish hip hop,turkish trap;893;0.49;5;-6.563;0;0.0589;197;0.000387;102;517;108.032;4
7hxHWCCAIIxFLCzvDgnQHX;6MPCFvOQv5cIGfw3jODMF0,2hlmm7s2ICUX0LVIhVFlZQ,4Gso3d4CscCijv0lmajZWs,7rkW85dBwwrJtlHRDkJDAC;Lemonade (feat. Gunna, Don Toliver & NAV);B4 The Storm;Internet Money,Gunna,Don Toliver,NAV;2020-08-28;195428;50;2021;pop rap,trap,atl hip hop,melodic rap,rap,canadian hip hop,canadian trap;0.8;658;1;-6.142;0;79;0.25;0;111;462;140.042;4
2jTujnt0y344ai1rNOywgr;3TVXtAsR1Inumwj472S9r4,3S0tlB4fE7ChxI2pWz8Xip;KMT;More Life;Drake,Giggs;2017-03-18;162637;66;2021;canadian hip hop,canadian pop,hip hop,pop rap,rap,grime,london rap,uk hip hop;875;0.6;1;-6.818;1;0.0435;0.0189;0.0143;132;0.0906;119.987;4
6y6jbcPG4Yn3Du4moXaenr;2cFrymmkijnjDg9SS92EPM;idfc;deadroses;blackbear;2015-02-14;245172;75;2021;pop;0.63;0.5;1;-8.755;0;0.0611;611;0.0000404;114;315;144.871;4
2o4AknH1hXnleCRW2rH45w;4DWX7u8BV0vZIQSpJQQDWU;Blackbird;Blackbird;Alter Bridge;2007-01-01;478133;58;2021;alternative metal,nu metal,post-grunge;279;806;6;-4.714;0;0.0448;0.00499;0.0126;116;132;149.463;3
7CZyCXKG6d5ALeq41sLzbw;246dkjvS1zLTtiykXe5h60,6ZLTlhejhndI4Rh53vYhrY,0Y5tJX1MQlPlqiwlOH1tJY;Take What You Want (feat. Ozzy Osbourne & Travis Scott);Hollywood's Bleeding;Post Malone,Ozzy Osbourne,Travis Scott;2019-09-06;229573;78;2021;dfw rap,melodic rap,pop,rap,album rock,alternative metal,birmingham metal,classic rock,glam metal,hard rock,metal,rock,hip hop,slap house;499;0.8;1;-2.665;0;0.0502;0.0906;0;147;272;139.919;4
7tu0cMhTlTNsjtsJffxgfR;5Sjj30aHCmKcM9SdVX7PBK,6LnJKrtFnTEGdbWQ2riWCL,5mPOOZTRDsRf0iIXixzfgn;Summer of My Life;Summer of My Life;GRiNGO,Ezhel,Yung Kafa & KÃ¼cÃ¼k Efendi;2019-07-12;232000;42;2021;german hip hop,turkish hip hop,turkish trap,german cloud rap;599;645;6;-4.659;0;192;303;0;126;208;189.809;4
7AQim7LbvFVZJE3O8TYgf2;15UsOTVnJzReFVN1VCnxy4,6Xgp2XMz1fhVYe7i6yNAax;Fuck Love;17;XXXTENTACION,Trippie Redd;2017-08-25;146520;86;2021;emo rap,miami hip hop,rap,melodic rap,trap;797;533;0;-9.74;0;0.0412;0.0172;0.000152;103;329;131.036;4
4X4v3KtkUXwXvDBw5KS9cp;6C1ohJrd5VydigQtaGy5Wa;ADHD;ADHD;Joyner Lucas;2020-03-27;205872;65;2021;boston hip hop,hip hop,pop rap,rap;563;0.78;10;-6.663;1;0.0782;0.00525;0.00000816;418;317;83.913;4
5Y7x0VU1VOwPWr6MsHbcxS;6CPZWzcKiOKkHn4L2XI4i2,5FqTuN42w2zGw4Pzd50yaS;GÃœNAYDIN;PÄ°ÅžMAN;cakal,Reckol;2021-09-10;149552;0;2021;turkce drill;679;783;2;-5.152;0;0.0415;0.00605;0.00000111;303;386;118.14;4
0e7ipj03S05BNilyu5bRzt;246dkjvS1zLTtiykXe5h60,1URnnhqYAYcrqrcwql10ft;rockstar (feat. 21 Savage);beerbongs & bentleys;Post Malone,21 Savage;2018-04-27;218146;86;2021;dfw rap,melodic rap,pop,rap,atl hip hop,hip hop;585;0.52;5;-6.136;0;0.0712;124;0.0000701;131;129;159.801;4
3AD2aBZKRlzUkVYzKiU9WS;7rEIUw67hRTgievwuKQGSj;AlÄ±ÅŸÄ±rÄ±m GÃ¶zlerimi Kapamaya;Åžehr-i HÃ¼zÃ¼n;maNga;2009-11-09;354373;54;2021;turkish rock;613;766;5;-4.135;1;25;0.0453;0.00000157;101;525;92.018;4
0AHY9HLMYcbscA2s4KEiJc;0PhqM7UAxtvWYi5j4MwxSl;Madem;KaranlÄ±k;Dolu Kadehi Ters Tut;2019-04-05;246809;67;2021;turkish alt pop,turkish rock;642;805;9;-5.165;1;0.0409;129;0.0000183;205;125;96.143;4
6IbnUaczZBT34DhaD6S18F;6CwfuxIqcltXDGjfZsMd9A;Bubblegum Bitch;Electra Heart (Deluxe);MARINA;2012-04-30;154666;79;2021;metropopolis,pop,pov: indie,uk alternative pop;495;856;0;-5.123;0;0.0311;0.000219;0;103;609;158.024;4
4qToz8zJFCIcMEPfjgf9SC;3zU6rNrc3PmGflKnswSEbT;HayatÄ±n VuruÅŸu;HayatÄ±n VuruÅŸu;The Square;2020-11-20;219010;1;2021;;0.52;656;9;-9.17;0;0.0297;821;141;162;731;180.076;3
30hoPcypN51Y11q6lnI6mB;7rEIUw67hRTgievwuKQGSj;Beni Benimle BÄ±rak;Åžehr-i HÃ¼zÃ¼n;maNga;2009-11-09;209973;59;2021;turkish rock;543;953;6;-3.121;0;0.0691;0.0232;0;0.0732;657;155.996;4
2PyC1okJDYxx77Rzxh5g47;11iuJcoaqtToPVCJ3DeBev;Carry It On;Donâ€™t Wait For Me;Racing Glaciers;2014-01-01;332005;40;2021;gauze pop,indie anthem-folk;263;803;5;-8.389;0;0.0507;269;535;0.0995;431;149.16;4
5mCPDVBb16L4XQwDdbRUpz;3TVXtAsR1Inumwj472S9r4;Passionfruit;More Life;Drake;2017-03-18;298940;87;2021;canadian hip hop,canadian pop,hip hop,pop rap,rap;809;463;11;-11.377;1;0.0396;256;85;109;364;111.98;4
58TaFP5j5i9swOf584yon2;0Y5tJX1MQlPlqiwlOH1tJY;HOUSTONFORNICATION;ASTROWORLD;Travis Scott;2018-08-03;217828;72;2021;hip hop,rap,slap house;689;723;0;-4.052;0;0.0836;0.0985;0;158;288;160.042;4
6GDpxEOvaXS0nbqSrFtDAQ;0V2oXYR7DtrZAEFeILRW2r;10 NUMARA;10 NUMARA;Lvbel C5;2021-10-15;118565;66;2021;turkce drill,turkish hip hop,turkish trap;684;652;11;-10.144;1;164;0.00667;0.000236;0.0816;654;142.068;4
3V2K2UzQeNNF5VnbDiIUKj;6sBSLIunx1Je0Y2T77wpkP,51DevdOxIJin6DB1FXJpD1,35vCEk68DtAxh7gDAzhoKK,0L3wrFI3QcbXAvFL7IaPQX,3nJwTniwCxDrgoVKeqIWoT;Mektup;Mektup;Motive,UZI,Aksan,GÃ¼neÅŸ,Modd;2021-02-12;311666;64;2021;turkish hip hop,turkish trap,new school turkce rap,turkce kadin rap;765;595;9;-6.759;1;0.0898;212;0;0.0713;192;108.012;4
35RJhm1pEovTBwnNR0zWad;0QHgL1lAIqAw0HtD7YldmP,3TVXtAsR1Inumwj472S9r4;GREECE (feat. Drake);GREECE (feat. Drake);DJ Khaled,Drake;2020-07-16;218901;73;2021;hip hop,miami hip hop,pop rap,rap,canadian hip hop,canadian pop;695;343;5;-10.798;1;0.0432;0.0743;0.00000104;107;229;85.84;4
1tgWQk65uaKVLqyo62Qjxb;5Pd3tsRa9fj2Q3JPQ0tYEv,2kS0jWMkkFBL0mrl0VotD0;Ä°yice Derine;Aranan Adam 2;KeiÅŸan,Ben Fero;2019-05-24;231000;41;2021;turkish hip hop,turkish trap,turkce drill;732;633;7;-8.064;0;0.0436;13;0.000131;129;116;138.003;4
1M4Ud66z18wuIq3oOxqVHa;3uwAm6vQy7kWPS2bciKWx9;bad idea!;bad idea!;girl in red;2019-09-03;219638;4;2021;bedroom pop,indie pop,norwegian indie,pov: indie;511;806;1;-6.093;1;0.0481;0.03;0.0465;252;0.41;162.04;4
40uMIn2zJLAQhNXghRjBed;246dkjvS1zLTtiykXe5h60;Motley Crew;Motley Crew;Post Malone;2021-07-09;184213;76;2021;dfw rap,melodic rap,pop,rap;797;631;3;-3.818;0;0.0786;0.0904;0.00000371;0.0998;288;129.915;4
7HgEjJCh0hQ0GO7PjQvEF3;2QU0UNvQvEZ2fuRUhkUNq4,1XxdJaLo6jXdFbgR1zKJ3x,6LnJKrtFnTEGdbWQ2riWCL;Hayrola;Hayrola;Artz,Bugy,Ezhel;2021-10-22;217365;61;2021;turkish hip hop,turkish trap;792;627;8;-7.691;0;172;0.0317;0.0000548;297;547;151.01;4
3iB3q6iKN9TJw6plK75yCX;13gqXJa3Mpcd3yHtcqXE3P;Pop That Shit;Pop That Shit;Batdora;2021-03-01;183552;0;2021;;778;481;2;-11.993;1;0.0977;0.0903;0.0098;0.0966;342;101.029;4
27NovPIUIRrOZoCHxABJwK;7jVv8c5Fj3E9VhNjxT4snq,2LIk90788K0zvyj2JJVwkJ;INDUSTRY BABY (feat. Jack Harlow);INDUSTRY BABY (feat. Jack Harlow);Lil Nas X,Jack Harlow;2021-07-23;212000;81;2021;lgbtq+ hip hop,deep underground hip hop,kentucky hip hop,pop rap,rap;736;704;3;-7.409;0;0.0615;0.0203;0;0.0501;894;149.995;4
5g91LxRRy2Nx3R2rOFWFtx;3zU6rNrc3PmGflKnswSEbT;Gitmesen Olur Mu?;Gitmesen Olur Mu?;The Square;2021-02-19;218231;10;2021;;494;685;0;-7.469;1;0.0348;0.0674;0;101;751;163.987;4
4ow1etGbQ8kfbAT3QPlmhN;5tlNJfV9UIpgnbWmvUEFu7,3CJKkU0XuElRT1z8rEtIYg,6LnJKrtFnTEGdbWQ2riWCL;Devam (feat. Luciano & Ezhel);Devam (feat. Luciano & Ezhel);Gentleman,Luciano,Ezhel;2020-09-18;164320;59;2021;cologne hip hop,german hip hop,german reggae,reggae fusion,german drill,turkish hip hop,turkish trap;768;511;1;-6.225;0;155;227;0;145;571;134.944;4
0XGV1bem5W9ICY2rgleryV;2xiIXseIJcq3nG7C8fHeBj;Chalk Outline;Transit Of Venus;Three Days Grace;2012-10-02;181986;65;2021;alternative metal,canadian metal,canadian rock,nu metal,post-grunge,rock;0.59;792;7;-5.013;1;0.0603;0.000567;0;0.0448;663;153.023;4
7sEbaC7eYPxMIa4fUIRxcO;6T5EThaaQrfKqzdQ4eRuHf,0JToOVQGiyLAtyUOUvgKhH,1iJrQKRh5aJnp6cG5lpITr;GÃ¶zÃ¼m Kara;METFLIX (Deluxe);Metth,SimÃ¼lasyon,Khontkar;2020-07-10;224400;0;2021;turkish alt pop,turkish hip hop,turkish trap;577;815;9;-8.516;0;0.0755;325;0.000586;147;624;199.989;4
7Gs3otHnZDq514kFHf0nx7;20sxb77xiYeusSH8cVdatc;Blue Notes;DC4;Meek Mill;2016-10-28;227808;70;2021;hip hop,philly rap,pop rap,rap,southern hip hop,trap;515;431;4;-8.251;1;257;665;0;147;184;141.392;4
6ubkoGVIowX5goxGkcDa6i;0NrYD7GlHbFixu0iknQ2xn;I Ran;La La Land - The Complete Musical Experience;D.A. Wallach;2017-02-24;216743;39;2021;;526;816;11;-7.339;0;0.0435;0.000779;0.00000173;0.0639;711;148.871;4
4bJygwUKrRgq1stlNXcgMg;2Q3eZMfDQgT8MhPowKFXYO;All The Things She Said;200 KM/H In The Wrong Lane (10th Anniversary Edition);t.A.T.u.;2002;214440;79;2021;dance pop,girl group;603;834;5;-5.766;0;0.0417;0.0411;0.00609;105;376;89.957;4
0zMAvsQmaQ4DGsmXtKixpn;0e86yPdC41PGRkLp2Q1Bph;Burning Pile;O My Heart;Mother Mother;2008-09-23;262173;69;2021;pov: indie,vancouver indie;516;755;5;-3.724;1;0.0383;0.0633;0.00103;107;165;140.099;4
11XaZ8z0yjvB1P95P9kFoI;1b37T5A3Sm85ueNhe6g9Mx;yoldayÄ±m;yoldayÄ±m;Odin;2021-06-11;139660;0;2021;;795;495;1;-12.224;0;0.0433;0.48;0.00000259;105;209;109.984;4
7wreeb5gjBl7Q79iYOLYDU;0qERHMCWkMoZvWZMngc1A6,1iJrQKRh5aJnp6cG5lpITr;Umrumda DeÄŸil;Umrumda DeÄŸil;Kozmos,Khontkar;2020-02-07;197264;42;2021;turkish hip hop,turkish trap;681;0.73;8;-7.486;0;0.0813;477;0.00000496;111;155;139.986;4
0mr8FAnN9X70p5KRUwMIJx;1vkWdqcabQ1swciXipkLBj;i met sarah in the bathroom;i met sarah in the bathroom;awfultune;2019-07-31;121374;74;2021;indie pop,pov: indie;675;408;0;-10.861;1;142;901;0.000714;0.16;229;90.111;4
6q7p4AczMoOVzw95GDXz1x;0ZXKT0FCsLWkSLCjoBJgBX;Flying;Original Album Classics;Anathema;2011;357266;34;2021;gothic metal,progressive doom,progressive metal;388;353;0;-9.389;0;32;0.0142;0.000542;188;0.0405;141.874;3
7c4rS8eKQ73Tf2WP36iH2x;13gqXJa3Mpcd3yHtcqXE3P,1b37T5A3Sm85ueNhe6g9Mx;Hizada Dur;Hizada Dur;Batdora,Odin;2021-04-26;139660;0;2021;;515;832;5;-8.78;1;728;686;0;619;526;73.795;4
71Kj6SJ1KD2SkxsHoy9Nke;3zU6rNrc3PmGflKnswSEbT;Git;Git;The Square;2020-09-18;199392;4;2021;;667;666;0;-9.951;1;109;569;0.00000665;129;923;163.948;4
2nC3QhMI9reBIOWutbU3Tj;6P5NO5hzJbuOqSdyPB7SJM;Moral of the Story;Moral of the Story;Ashe;2019-02-14;201083;75;2021;alt z;572;406;10;-8.624;1;0.0427;587;0.00000448;102;265;119.812;4
6rTInqW3YECMkQsBEHw4sd;1xr2G8Hlx4QWmT9HaUbmoO,50co4Is1HCEo8bhOyUWKpn,2hlmm7s2ICUX0LVIhVFlZQ,3TVXtAsR1Inumwj472S9r4;Solid (feat. Drake);Slime Language 2;Young Stoner Life,Young Thug,Gunna,Drake;2021-04-16;215693;72;2021;pop rap,atl hip hop,atl trap,gangster rap,melodic rap,rap,trap,canadian hip hop,canadian pop,hip hop;887;485;11;-9.358;0;0.2;0.0392;0;141;328;125.987;4
7ytR5pFWmSjzHJIeQkgog4;4r63FhuTkUYltbVAg5TQnk,757aE44tKEUQEqRuT6GnEB;ROCKSTAR (feat. Roddy Ricch);BLAME IT ON BABY;DaBaby,Roddy Ricch;2020-04-17;181733;79;2021;hip hop,north carolina hip hop,pop rap,rap,trap,melodic rap;746;0.69;11;-7.956;1;164;247;0;101;497;89.977;4
696DnlkuDOXcMAnKlTgXXK;0vRvGUQVUjytro0xpb26bs;ROXANNE;ROXANNE;Arizona Zervas;2019-10-10;163636;79;2021;indie pop rap,pop rap,rhode island rap;621;601;6;-5.616;0;148;0.0522;0;0.46;457;116.735;5
0VjIjW4GlUZAMYd2vXMi3b;1Xyo4u8uXC1ZmMpatF05PJ;Blinding Lights;After Hours;The Weeknd;2020-03-20;200040;93;2021;canadian contemporary r&b,canadian pop,pop;514;0.73;1;-5.934;1;0.0598;0.00146;0.0000954;0.0897;334;171.005;4
0l7ZRPrxH67Q6J03Zt4b4a;7Gx2wDVHyW5HJh7dc2t5h7;1 gr eksik;1 gr eksik;Lil Zey;2021-01-15;179500;43;2021;turkce kadin rap,turkish hip hop,turkish trap;0.76;544;5;-6.05;0;0.0512;552;0;129;497;119.955;4
0VMqWQGY5xb2yi98bS6z2b;0spHbv2fw49lDMkbOAdaqX,4g6EnIPhmYBTZ7vsmxDkxH;WWE: I Came To Play (The Miz);WWE: I Came To Play (The Miz);WWE,Downstait;2011-05-31;296966;46;2021;wrestling;518;908;2;-5.44;1;0.0709;0.0000928;0.00000121;0.69;463;92.02;4
50tNwmTxddQa6CXMFcXngm;3XjAYzwW3zGIi0OetnEIvU;NANKÃ–R;OKSMRN1;Stabil;2021-07-30;223183;47;2021;turkish hip hop;0.71;534;3;-8.322;0;0.0786;597;133;184;0.27;139.979;4
7sO5G9EABYOXQKNPNiE9NR;4DdkRBBYG6Yk9Ka8tdJ9BW,0iEtIxbK0KxaSlF7G42ZOp;Ric Flair Drip (with Metro Boomin);Without Warning;Offset,Metro Boomin;2017-10-30;172800;87;2021;atl hip hop,hip hop,pop rap,rap,trap;0.88;428;9;-8.28;1;206;149;0.0000505;114;333;100.007;4
3Wrjm47oTz2sjIgck11l5e;0lAWpj5szCSwM4rUMHYmrr;Beggin';Chosen;MÃ¥neskin;2017-12-08;211560;85;2021;indie rock italiano,italian pop;714;0.8;11;-4.808;0;0.0504;127;0;359;589;134.002;4
4B9MVOT9HOxjT6fvD9Ct4d;40PllTYqoDKRna2jm9Gf8D,6LnJKrtFnTEGdbWQ2riWCL;Yaranamam;Bir CevabÄ±m Var;Grogi,Ezhel;2018-04-01;241443;45;2021;turkish hip hop,turkish trap;717;703;0;-6.526;0;217;601;0.00000798;0.0875;502;82.999;4
4ZpXHlV2vQVfPXUvbDSZ92;4opTS86dN9uO313J9CE8xg;I Remember You;Skid Row;Skid Row;1989-01-24;313693;70;2021;album rock,glam metal,hard rock,metal,rock;345;531;0;-12.708;1;0.0305;0.00642;0.00000728;0.14;0.49;176.302;4
6RxF2qmsTBsXFgK0lx8WEj;40KlwpvpKEQtZTJgbml8lT;Gemiler;O;Teoman;1998-06-19;260066;60;2021;turkish rock;552;706;6;-8.785;0;0.0444;0.0796;0;46;391;79.991;4
7sWRlDoTDX8geTR8zzr2vt;246dkjvS1zLTtiykXe5h60;Hollywood's Bleeding;Hollywood's Bleeding;Post Malone;2019-09-06;156266;79;2021;dfw rap,melodic rap,pop,rap;405;646;4;-3.206;0;0.0476;331;0;103;0.17;130.218;4
4aXbYXcwQhy7wmWeFJnOLw;3XjAYzwW3zGIi0OetnEIvU;Reenkarne;Reenkarne;Stabil;2018-12-12;331281;58;2021;turkish hip hop;764;577;10;-8.32;0;388;0.43;0;0.0928;312;90.017;4
7JFlVFtzAQQKXcgYRRhoKA;0V2oXYR7DtrZAEFeILRW2r,15AZJFNrXtIN4Nk8BIOnS2;ralli;ralli;Lvbel C5,Batuflex;2021-07-09;139732;64;2021;turkce drill,turkish hip hop,turkish trap;651;659;2;-8.456;1;114;142;0.000409;165;587;139.913;4
07BSbfzLQ4t09hwD8PO7iT;7Gx2wDVHyW5HJh7dc2t5h7;Zor;Zor;Lil Zey;2020-10-02;180392;47;2021;turkce kadin rap,turkish hip hop,turkish trap;665;671;8;-5.685;0;117;0.32;0;153;488;153.023;4
4H7WNRErSbONkM06blBoGc;246dkjvS1zLTtiykXe5h60;Stay;beerbongs & bentleys;Post Malone;2018-04-27;204426;76;2021;dfw rap,melodic rap,pop,rap;507;0.48;5;-5.418;1;0.0266;449;0;147;0.35;86.046;4
45i70K1PefHafKui2WxH0M;0e86yPdC41PGRkLp2Q1Bph;Oh Ana;Touch Up;Mother Mother;2007-05-08;197080;66;2021;pov: indie,vancouver indie;512;525;5;-7.152;1;0.0429;672;0.0000166;112;337;128.054;4
3V80b6XYyAc2vD9s7tddxG;6ZLa3FArZyL8LL5DG3RXtm,1XVqtdXMEs2NEkwQu3C15u;ben bugÃ¼n Ã¼lkemden gitmek istedim;ben bugÃ¼n Ã¼lkemden gitmek istedim;Frxzbie,Deniz Tekin;2019-03-15;144007;42;2021;huzunlu sarkilar,new school turkce rap;709;235;7;-12.774;1;0.0626;672;0.81;0.0989;293;80.031;5
1YRUWp8dGcZEr4hKHnJqDQ;1b37T5A3Sm85ueNhe6g9Mx,798ceFTnKCNT00aTswubPI;Andromeda;Andromeda;Odin,Dante;2020-03-17;161063;0;2020;;733;189;5;-17.026;0;108;767;0.000166;0.34;287;107.991;4
09IOPhEh1OMe0HD9b36FJk;246dkjvS1zLTtiykXe5h60;Over Now;beerbongs & bentleys;Post Malone;2018-04-27;246986;68;2020;dfw rap,melodic rap,pop,rap;569;777;4;-4.041;0;0.0834;139;0;132;181;164.027;4
2KTS944WTCWEL1IAlYhzD6;7Gx2wDVHyW5HJh7dc2t5h7;Heveslenmem;Heveslenmem;Lil Zey;2020-03-06;180983;0;2020;turkce kadin rap,turkish hip hop,turkish trap;764;506;8;-7.344;0;95;484;0;0.0846;517;122.129;4
0V4l4GQhgnWQGtCWpvA7va;3TVXtAsR1Inumwj472S9r4,1Xyo4u8uXC1ZmMpatF05PJ;Crew Love;Take Care (Deluxe);Drake,The Weeknd;2011-11-15;208813;75;2020;canadian hip hop,canadian pop,hip hop,pop rap,rap,canadian contemporary r&b,pop;418;546;0;-9.057;0;238;227;0;229;294;160.152;4
6OaVWaGfhXn70ZJfdVcabn;0Y5tJX1MQlPlqiwlOH1tJY;NO BYSTANDERS;ASTROWORLD;Travis Scott;2018-08-03;218283;76;2020;hip hop,rap,slap house;731;811;1;-3.225;1;0.0712;0.0204;0;411;426;147.045;4
7cyKrN1y4q59bc1gJX3QEG;5y2Xq6xcjJb2jVM54GHK3t;Start A Fire;La La Land (Original Motion Picture Soundtrack);John Legend;2016-12-09;192093;59;2020;neo soul,pop,pop soul,urban contemporary;532;832;10;-6.047;0;0.0535;0.0652;0;766;314;101.989;4
6ubkoGVIowX5goxGkcDa6i;0NrYD7GlHbFixu0iknQ2xn;I Ran;La La Land - The Complete Musical Experience;D.A. Wallach;2017-02-24;216743;39;2020;;526;816;11;-7.339;0;0.0435;0.000779;0.00000173;0.0639;711;148.871;4
1qyFlfPREPbRcS2BNszdYI;3TVXtAsR1Inumwj472S9r4;Dreams Money Can Buy;Care Package;Drake;2019-08-02;253803;59;2020;canadian hip hop,canadian pop,hip hop,pop rap,rap;423;587;6;-6.635;1;529;765;0;114;0.33;180.331;4
71KzugdRW5iyfKUiaABpH1;1iJrQKRh5aJnp6cG5lpITr;SÃ¼rtÃ¼ÄŸe Bak;Trap Kont 2.5;Khontkar;2020-02-14;190961;42;2020;turkish hip hop,turkish trap;792;0.66;1;-8.205;1;132;0.0808;0.0000476;128;283;144.97;4
4JL5i2dmxdq2rBLYhNVJYx;1b37T5A3Sm85ueNhe6g9Mx,13gqXJa3Mpcd3yHtcqXE3P;KaranlÄ±ÄŸÄ±n ArdÄ±nda;KaranlÄ±ÄŸÄ±n ArdÄ±nda;Odin,Batdora;2020-02-08;271091;0;2020;;636;362;7;-16.832;1;0.36;0.63;499;111;614;84.976;4
36ia26BNLOY4cb6eeViRuh;2u4xMsh0M2B7R8Wb3pEWae,2QU0UNvQvEZ2fuRUhkUNq4,6LnJKrtFnTEGdbWQ2riWCL,40PllTYqoDKRna2jm9Gf8D;BugÃ¼n Biraz Ä°Ã§tim (feat. Ezhel & Grogi);BatÄ± YakasÄ±;AnÄ±l PiyancÄ±,Artz,Ezhel,Grogi;2016-01-15;285090;61;2020;turkce drill,turkish hip hop,turkish trap;0.72;836;6;-4.21;1;0.0624;0.0593;0;0.1;387;91.053;4
58TaFP5j5i9swOf584yon2;0Y5tJX1MQlPlqiwlOH1tJY;HOUSTONFORNICATION;ASTROWORLD;Travis Scott;2018-08-03;217828;72;2020;hip hop,rap,slap house;689;723;0;-4.052;0;0.0836;0.0985;0;158;288;160.042;4
7sEbaC7eYPxMIa4fUIRxcO;6T5EThaaQrfKqzdQ4eRuHf,0JToOVQGiyLAtyUOUvgKhH,1iJrQKRh5aJnp6cG5lpITr;GÃ¶zÃ¼m Kara;METFLIX (Deluxe);Metth,SimÃ¼lasyon,Khontkar;2020-07-10;224400;0;2020;turkish alt pop,turkish hip hop,turkish trap;577;815;9;-8.516;0;0.0755;325;0.000586;147;624;199.989;4
0iiYnL2Wo7sq1NoZp4dI6T;13gqXJa3Mpcd3yHtcqXE3P,1b37T5A3Sm85ueNhe6g9Mx;IÅŸÄ±k Var;IÅŸÄ±k Var;Batdora,Odin;2020-03-08;246640;0;2020;;0.73;0.6;4;-11.82;0;208;273;552;124;0.44;111.967;4
5TXDeTFVRVY7Cvt0Dw4vWW;15UsOTVnJzReFVN1VCnxy4;Revenge;17;XXXTENTACION;2017-08-25;120026;88;2020;emo rap,miami hip hop,rap;746;251;11;-16.169;0;259;782;0.00203;106;0.18;139.999;4
0BDr4ZVYOoNNNEsvdMyvZR;5IyVtx3p9SikkmTlTUti9c,5puZL7I9duQq06loD5agDH;GÃ¼zelsin;GÃ¼zelsin;Ata Ã–ztÃ¼rk,AtÄ±l;2019-08-22;196956;16;2020;;446;586;6;-6.959;1;0.0479;447;0;201;323;137.834;4
5yY9lUy8nbvjM1Uyo1Uqoc;1RyvyyTE3xzB2ZywiAwp0i,3TVXtAsR1Inumwj472S9r4;Life Is Good (feat. Drake);Life Is Good (feat. Drake);Future,Drake;2020-01-10;237735;78;2020;atl hip hop,hip hop,rap,southern hip hop,trap,canadian hip hop,canadian pop,pop rap;676;609;2;-5.831;0;481;0.0706;0;152;508;142.037;4
0UrC6jtBZWhd7BXrc7zu04;1iJrQKRh5aJnp6cG5lpITr,2NPl6xmez0ma3ssIrMz1DM,6T5EThaaQrfKqzdQ4eRuHf,643VmvA9t1Td4REc5YWkW4;RedKeyGang;RedKeyGang;Khontkar,Bixi Blake,Metth,Young Bego;2017-02-11;316129;0;2020;turkish hip hop,turkish trap,turkish alt pop;663;825;2;-5.494;1;0.31;0.0503;0;109;211;185.926;4
3lcji9p6PgHYftz88p9SW4;2s7fZ34RK8RUJQ2ewsh6I5;Pardon maman;Pardon maman;RK;2019-08-16;203184;53;2020;french hip hop,pop urbaine,rap conscient,rap francais;752;758;5;-5.344;0;181;657;0;148;765;146.081;4
7tu0cMhTlTNsjtsJffxgfR;5Sjj30aHCmKcM9SdVX7PBK,6LnJKrtFnTEGdbWQ2riWCL,5mPOOZTRDsRf0iIXixzfgn;Summer of My Life;Summer of My Life;GRiNGO,Ezhel,Yung Kafa & KÃ¼cÃ¼k Efendi;2019-07-12;232000;42;2020;german hip hop,turkish hip hop,turkish trap,german cloud rap;599;645;6;-4.659;0;192;303;0;126;208;189.809;4
3v4PW5O5IddNMrG8frABlK;0ozRlzJLtosgtQhQLgihdM;Killing Joke;Killing Joke;Till Daylight;2018-03-23;289500;1;2020;turkish metal;417;858;11;-6.343;0;107;0.00995;205;398;379;145.968;4
7hXTEEYJW9FenahNL5BoJ8;1iJrQKRh5aJnp6cG5lpITr,6nyZShtfCdYdlpNgMsGKzA;Heartless;TURKGLISH;Khontkar,Myndless Grimes;2019-08-30;217455;0;2020;turkish hip hop,turkish trap;619;558;4;-8.816;0;0.0892;0.0353;0.0000945;0.0465;396;146.037;4
30bqVoKjX479ab90a8Pafp;2kCcBybjl3SAtIcwdWpUe3;Star Shopping;Star Shopping;Lil Peep;2015;142000;9;2020;cloud rap,emo rap,lgbtq+ hip hop;585;471;4;-9.934;0;0.0616;0.0967;0.0184;115;323;93.099;4
62vpWI1CHwFy7tMIcSStl8;6l3HvQ5sa6mXTsMTB19rO5;No Role Modelz;2014 Forest Hills Drive;J. Cole;2014-12-09;292986;9;2020;conscious hip hop,hip hop,north carolina hip hop,rap;692;521;10;-8.465;0;0.33;301;0;0.0565;463;100.45;4
3Y7sAHsHBXr8pwEMUz1WCb;5fO16dsHVrojWL2mPzcdpq;Umut;Umut;KÃ–K$VL;2018-08-10;198942;0;2020;turkce trap metal,turkish hip hop,turkish trap;796;793;5;-7.879;0;0.28;164;0.0313;126;152;151.962;4
4qUz3BeVkyirERXDv5VMkG;1iJrQKRh5aJnp6cG5lpITr;Olmaz;100;Khontkar;2018-12-14;321943;43;2020;turkish hip hop,turkish trap;738;783;9;-5.912;1;41;106;0.0327;0.0908;393;106.02;4
0t3ZvGKlmYmVsDzBJAXK8C;246dkjvS1zLTtiykXe5h60,50co4Is1HCEo8bhOyUWKpn;Goodbyes (feat. Young Thug);Hollywood's Bleeding;Post Malone,Young Thug;2019-09-06;174853;81;2020;dfw rap,melodic rap,pop,rap,atl hip hop,atl trap,gangster rap,trap;548;653;5;-3.875;1;81;456;0;103;163;150.068;4
7wBJfHzpfI3032CSD7CE2m;0Y5tJX1MQlPlqiwlOH1tJY;STARGAZING;ASTROWORLD;Travis Scott;2018-08-03;270714;79;2020;hip hop,rap,slap house;487;789;8;-3.69;1;44;0.00947;0.00000405;189;0.0564;150.007;4
3X37NtwadSS0RM20dh2IgP;3TVXtAsR1Inumwj472S9r4;Worst Behavior;Nothing Was The Same (Deluxe);Drake;2013-01-01;270200;59;2020;canadian hip hop,canadian pop,hip hop,pop rap,rap;777;778;9;-6.349;1;136;156;0.00000108;196;437;109.925;4
0WMr72nu3YMRgU85xkRIK9;1iJrQKRh5aJnp6cG5lpITr,4eXqqWhgNXRTAYzGoIcD9T;Kavga;Kavga;Khontkar,UUR;2020-06-12;211500;0;2020;turkish hip hop,turkish trap;813;688;2;-6.101;1;275;237;0;148;352;160.065;4
7sO5G9EABYOXQKNPNiE9NR;4DdkRBBYG6Yk9Ka8tdJ9BW,0iEtIxbK0KxaSlF7G42ZOp;Ric Flair Drip (with Metro Boomin);Without Warning;Offset,Metro Boomin;2017-10-30;172800;87;2020;atl hip hop,hip hop,pop rap,rap,trap;0.88;428;9;-8.28;1;206;149;0.0000505;114;333;100.007;4
6NMtzpDQBTOfJwMzgMX0zl;0Y5tJX1MQlPlqiwlOH1tJY;SKELETONS;ASTROWORLD;Travis Scott;2018-08-03;145588;79;2020;hip hop,rap,slap house;0.46;686;0;-5.948;0;0.0367;0.00146;0;375;252;148.054;4
2OWMLQfUG8AdAv807iNbZq;2y1VzMKAa5nmfXKtJL9jnj;Dondurma;DOÄžA;Murda;2020-02-14;158581;28;2020;basshall,turkish hip hop,turkish trap;881;482;1;-6.251;1;118;149;0.00392;101;389;135.009;4
4OHQvqMWC3ypTV9MeKuDFa;7Gx2wDVHyW5HJh7dc2t5h7,1iJrQKRh5aJnp6cG5lpITr;Yolumuz Yol DeÄŸil;Yolumuz Yol DeÄŸil;Lil Zey,Khontkar;2019-11-15;205106;0;2020;turkce kadin rap,turkish hip hop,turkish trap;847;651;5;-7.119;0;306;423;0.00000127;129;392;141.049;4
3oUozR82kijD0ytkjvZaKm;6q1sTU51oryTTcWTPTd0VC;Ä°lerle;Ä°lerle;BEGE;2020-04-01;207260;0;2020;turkce drill,turkish hip hop,turkish trap;644;621;10;-9.569;0;0.12;0.00113;0.000662;102;182;153.219;4
2xLMifQCjDGFmkHkpNLD9h;0Y5tJX1MQlPlqiwlOH1tJY;SICKO MODE;ASTROWORLD;Travis Scott;2018-08-03;312820;87;2020;hip hop,rap,slap house;834;0.73;8;-3.714;1;222;0.00513;0;124;446;155.008;4
0M6TRIhQggFpwgaefCfnGH;0EyuKHE1AeE9lWUF8mzKVp;Hemorrhage (In My Hands);Something Like Human;Fuel;2000-09-08;236866;50;2020;alternative metal,nu metal,post-grunge;313;831;1;-3.894;1;0.0404;0.000127;0.000341;0.24;332;152.034;4
7bFCKF2vLQpZXtjgQTVVUR;2y1VzMKAa5nmfXKtJL9jnj,6LnJKrtFnTEGdbWQ2riWCL;Bi Sonraki HayatÄ±mda Gel;Bi Sonraki HayatÄ±mda Gel;Murda,Ezhel;2020-01-24;167350;53;2020;basshall,turkish hip hop,turkish trap;932;448;8;-4.491;0;136;0.0253;0;104;736;103.98;4
6KxCRJ9DzNBVGM3ol0JQ7r;5pVRwX5ZQR7hfJ18w8ZYkl;Irina Shayk;WAVE;Ufo361;2019-08-09;147451;0;2020;german cloud rap,german hip hop;639;601;2;-9.505;0;0.0512;0.17;0.0213;0.17;219;74.971;4
6vnfObZ4Ys70SBAtti1xZ9;0Y5tJX1MQlPlqiwlOH1tJY;COFFEE BEAN;ASTROWORLD;Travis Scott;2018-08-03;209115;73;2020;hip hop,rap,slap house;0.81;582;5;-5.098;0;125;0.0862;0.00681;207;503;95.004;4
0VjIjW4GlUZAMYd2vXMi3b;1Xyo4u8uXC1ZmMpatF05PJ;Blinding Lights;After Hours;The Weeknd;2020-03-20;200040;93;2020;canadian contemporary r&b,canadian pop,pop;514;0.73;1;-5.934;1;0.0598;0.00146;0.0000954;0.0897;334;171.005;4
4UKCKdYiLN6IMA5ZESUTL7;15UsOTVnJzReFVN1VCnxy4;the remedy for a broken heart (why am I so in love);?;XXXTENTACION;2018-03-16;160184;78;2020;emo rap,miami hip hop,rap;699;304;1;-11.192;1;0.0993;779;0.000993;137;271;119.705;4
56UvyKdzqc8RhQzlvp6CH8;1iJrQKRh5aJnp6cG5lpITr;Koy;Trap Kont 2.5;Khontkar;2020-02-14;132992;49;2020;turkish hip hop,turkish trap;897;665;8;-8.265;1;208;393;0;185;325;129.969;4
7rqPcP0DXnMIO5uEIGuYvR;31fTvLRA0E9sQGsH5lU2Wu,0hgFkprBFBqcm1DILpfiyj;Dursun DÃ¼nya;Dursun DÃ¼nya;Teo,Bin Ferzan;2020-02-11;159608;1;2020;;0.71;523;10;-13.643;0;0.0311;108;0;0.0787;182;108.022;4
2qROpK8caOx33Vxpl1mg50;2y1VzMKAa5nmfXKtJL9jnj;DoÄŸa;DOÄžA;Murda;2020-02-14;183667;29;2020;basshall,turkish hip hop,turkish trap;556;524;11;-6.777;1;0.0948;0.0624;0.00392;254;343;104.127;4
2jTujnt0y344ai1rNOywgr;3TVXtAsR1Inumwj472S9r4,3S0tlB4fE7ChxI2pWz8Xip;KMT;More Life;Drake,Giggs;2017-03-18;162637;66;2020;canadian hip hop,canadian pop,hip hop,pop rap,rap,grime,london rap,uk hip hop;875;0.6;1;-6.818;1;0.0435;0.0189;0.0143;132;0.0906;119.987;4
5pdsGdTeqH6MHqJeKkpwX3;2u4xMsh0M2B7R8Wb3pEWae,1mpOD8ZwHnbsryIuXWq0R1;BÄ±rakman DoÄŸru Mu;BÄ±rakman DoÄŸru Mu;AnÄ±l PiyancÄ±,Zeynep BastÄ±k;2019-06-21;260789;67;2020;turkce drill,turkish hip hop,turkish trap,turkish pop;703;931;5;-3.191;0;0.0507;0.0934;0;342;642;90.017;4
4s0NHsPDYoVBtTkWnxXsnl;5pVRwX5ZQR7hfJ18w8ZYkl,6LnJKrtFnTEGdbWQ2riWCL;Wir sind Kral;Lights Out;Ufo361,Ezhel;2019-11-15;154039;57;2020;german cloud rap,german hip hop,turkish hip hop,turkish trap;0.8;688;8;-6.592;0;112;293;0.00407;197;366;158.043;4
0DGvKkcBCgd4UxRxKY0SqP;3S6gaE89XewFAvZqsMuJDJ;SÃ¶zler Åžerefsiz Oldu;Ä°Ã§inde Patlar;Norm Ender;2010;203908;66;2020;turkish hip hop,turkish trap;692;671;10;-6.175;0;0.0612;515;0;113;0.45;95.304;4
0SJpj1vV7z7dF3RIlGQnl5;7Gx2wDVHyW5HJh7dc2t5h7,6T5EThaaQrfKqzdQ4eRuHf;Marina;Marina;Lil Zey,Metth;2019-12-20;185573;0;2020;turkce kadin rap,turkish hip hop,turkish trap,turkish alt pop;847;708;9;-5.4;0;0.0564;52;0;0.23;652;145.027;4
1sqp9pn6vpNNlgzOL6O0sc;1b37T5A3Sm85ueNhe6g9Mx;Madison Ivy;Madison Ivy;Odin;2020-05-30;122270;0;2020;;626;714;0;-5.907;0;0.0816;693;0.0000533;89;304;139.861;3
1XBblEevqJWouEdUp0XUg0;2y1VzMKAa5nmfXKtJL9jnj,6LnJKrtFnTEGdbWQ2riWCL,3xhksfxjNLUAyxUdijvk4x;CÃ¼mle Alem;Made In Turkey;Murda,Ezhel,Kalibwoy;2020-08-28;156601;50;2020;basshall,turkish hip hop,turkish trap,dutch rap pop;0.8;0.79;9;-6.406;1;289;234;0;361;741;161.809;4
7CZyCXKG6d5ALeq41sLzbw;246dkjvS1zLTtiykXe5h60,6ZLTlhejhndI4Rh53vYhrY,0Y5tJX1MQlPlqiwlOH1tJY;Take What You Want (feat. Ozzy Osbourne & Travis Scott);Hollywood's Bleeding;Post Malone,Ozzy Osbourne,Travis Scott;2019-09-06;229573;78;2020;dfw rap,melodic rap,pop,rap,album rock,alternative metal,birmingham metal,classic rock,glam metal,hard rock,metal,rock,hip hop,slap house;499;0.8;1;-2.665;0;0.0502;0.0906;0;147;272;139.919;4
59UNq91dQoIVnUE4LSltwi;13gqXJa3Mpcd3yHtcqXE3P;Intentions;Intentions;Batdora;2020-06-21;188683;0;2020;;706;422;7;-10.208;0;119;596;0.0101;113;227;109.993;4
4XWOqCTVyRXiysFiDOUs6u;3XjAYzwW3zGIi0OetnEIvU;Reenkarne;Reenkarne;Stabil;2018-12-12;331281;0;2020;turkish hip hop;696;578;10;-8.321;0;394;428;0;0.0928;308;90.152;4
51EC3I1nQXpec4gDk0mQyP;0Y5tJX1MQlPlqiwlOH1tJY,4dYQmk5ma04mZ1KJ9KkAQK;90210 (feat. Kacy Hill);Rodeo;Travis Scott,Kacy Hill;2015-09-04;339066;84;2020;hip hop,rap,slap house,la pop,modern alternative pop;402;526;9;-6.741;0;0.0904;113;0.00000833;105;312;81.404;4
3XCgVhWfwWYo1vxKYaeFOe;2VYQTNDsvvKN9wmU5W7xpj;Deep Six;The Pale Emperor;Marilyn Manson;2015-01-19;302904;48;2020;alternative metal,hard rock,industrial,industrial metal,industrial rock,nu metal,post-grunge,rock;589;942;9;-4.058;0;109;0.0016;0.00000432;218;301;133.034;4
5vkCwVRkg43T7r7Al2nvYh;5pVRwX5ZQR7hfJ18w8ZYkl;AlptrÃ¤ume;808;Ufo361;2018-04-13;228384;0;2020;german cloud rap,german hip hop;547;421;0;-9.44;1;326;489;121;102;177;79;4
4vjCw6qRxcKavvpTXpHuKH;1ptBI7xKk38agbcEThoubT;Demokrasi - CanlÄ± Akustik;Sakin;Murder King;2019-12-06;217588;18;2020;turkish metal;477;691;0;-10.099;1;0.0774;429;0;109;136;170.043;4
04kJBtbRLM5eZff4OJDLZx;6LnJKrtFnTEGdbWQ2riWCL;Allah'Ä±ndan Bul;Allah'Ä±ndan Bul;Ezhel;2020-10-09;181074;61;2020;turkish hip hop,turkish trap;893;0.49;5;-6.563;0;0.0589;197;0.000387;102;517;108.032;4
7sWRlDoTDX8geTR8zzr2vt;246dkjvS1zLTtiykXe5h60;Hollywood's Bleeding;Hollywood's Bleeding;Post Malone;2019-09-06;156266;79;2020;dfw rap,melodic rap,pop,rap;405;646;4;-3.206;0;0.0476;331;0;103;0.17;130.218;4
33gwZOGJWEZ7dRWPqPxBEZ;0c173mlxpT3dSFRgMO8XPh,246dkjvS1zLTtiykXe5h60;Wolves (feat. Post Malone);Detroit 2;Big Sean,Post Malone;2020-09-04;199758;73;2020;detroit hip hop,hip hop,pop rap,r&b,rap,trap,dfw rap,melodic rap,pop;724;675;2;-5.267;1;0.0867;0.0978;0.00000941;351;325;160.048;4
4ak7xjvBeBOcJGWFDX9w5n;7jVv8c5Fj3E9VhNjxT4snq,4kYSro6naA4h99UJvo89HB;Rodeo;7 EP;Lil Nas X,Cardi B;2019-06-21;158706;66;2020;lgbtq+ hip hop,pop,rap;706;679;9;-5.614;1;0.0324;139;0.0000698;465;657;140.081;4
4wEW6iWci3V7REhk3fgdjo;5pVRwX5ZQR7hfJ18w8ZYkl,6LnJKrtFnTEGdbWQ2riWCL;Zombie;Lights Out;Ufo361,Ezhel;2019-11-15;203986;46;2020;german cloud rap,german hip hop,turkish hip hop,turkish trap;712;561;7;-8.307;1;332;102;0.00000967;0.1;137;159.95;4
2eIhmj1inaH2P4SYpgYZ78;5LUxu287CsPM7jy3yS3l86;AynÄ± Sokaklarda;AynÄ± Sokaklarda;ÅžanÄ±ÅŸer;2020-03-13;172500;0;2020;turkish hip hop;684;528;11;-7.25;0;102;181;0;215;391;111.86;4
23SlyxzUtQtExgEButcOtR;70BYFdaZbEKbeauJ670ysI;Save Me;Us and Them (Deluxe Edition);Shinedown;2005-10-04;213933;60;2020;alternative metal,nu metal,post-grunge;524;816;11;-3.49;0;0.0308;0.00044;0;0.0777;252;116.026;4
15mKQfZJ3dBnjRDDmFL8c0;2y1VzMKAa5nmfXKtJL9jnj,5eir5zFJpES4j7gsymbVyl;RÃ¼ya;DOÄžA;Murda,Ronnie Flex;2020-02-14;208733;38;2020;basshall,turkish hip hop,turkish trap,dutch hip hop,dutch rap pop;553;601;5;-7.04;0;421;0.0134;0.00000182;125;528;183.873;4
4nnQdkAQpeUEUFSNV4wKlX;5fO16dsHVrojWL2mPzcdpq;HiÃ§bir Zaman KorkmadÄ±m;HiÃ§bir Zaman KorkmadÄ±m;KÃ–K$VL;2020-04-03;204939;0;2020;turkce trap metal,turkish hip hop,turkish trap;703;675;11;-6.846;1;154;152;0.00000301;103;488;163.958;4
1b6UtIYb6JXgrCgOhPtu2R;37xM7I9e6MS4pyOWpzUqYo;Maazallah (YGA);SON;Lin Pesto;2019-08-02;175613;0;2020;turkish alternative rock;512;398;1;-15.168;1;0.0269;731;0.13;109;276;179.945;4
7fBv7CLKzipRk6EC6TWHOB;1Xyo4u8uXC1ZmMpatF05PJ;The Hills;Beauty Behind The Madness;The Weeknd;2015-08-28;242253;90;2020;canadian contemporary r&b,canadian pop,pop;585;564;0;-7.063;0;0.0515;0.0671;0;135;137;113.003;4
4ow1etGbQ8kfbAT3QPlmhN;5tlNJfV9UIpgnbWmvUEFu7,3CJKkU0XuElRT1z8rEtIYg,6LnJKrtFnTEGdbWQ2riWCL;Devam (feat. Luciano & Ezhel);Devam (feat. Luciano & Ezhel);Gentleman,Luciano,Ezhel;2020-09-18;164320;59;2020;cologne hip hop,german hip hop,german reggae,reggae fusion,german drill,turkish hip hop,turkish trap;768;511;1;-6.225;0;155;227;0;145;571;134.944;4
0eCJLePRPRol1wtTKR5C94;5fO16dsHVrojWL2mPzcdpq,7Gx2wDVHyW5HJh7dc2t5h7;Ã–tede Dur;Ã–tede Dur;KÃ–K$VL,Lil Zey;2019-09-20;173000;0;2020;turkce trap metal,turkish hip hop,turkish trap,turkce kadin rap;816;0.51;10;-8.435;0;0.0645;106;0.000496;102;0.56;134.977;4
4jVBIpuOiMj1crqd8LoCrJ;0Y5tJX1MQlPlqiwlOH1tJY,50co4Is1HCEo8bhOyUWKpn,0QJIPDAEDILuo8AIq3pMuU;FRANCHISE (feat. Young Thug & M.I.A.);FRANCHISE (feat. Young Thug & M.I.A.);Travis Scott,Young Thug,M.I.A.;2020-09-25;202794;74;2020;hip hop,rap,slap house,atl hip hop,atl trap,gangster rap,melodic rap,trap,escape room,indietronica,new rave;835;699;8;-5.405;0;277;0.00671;0;195;547;154.981;4
00um537SgZEX09n3ZYYCAf;2y1VzMKAa5nmfXKtJL9jnj,3drqpTL4sQOckmAfF9i1wg;EÈ™kiya;DOÄžA;Murda,Summer Cem;2020-02-14;147160;32;2020;basshall,turkish hip hop,turkish trap,german hip hop;759;723;11;-4.943;0;272;0.00691;0;391;503;175.896;4
4ELVEpjgLvTsCSQUvqePQ1;2QDHxmDObOuv9MCeBYiFtq;Åžampanya;Åžampanya;Ceg;2019-07-19;253754;0;2020;turkish hip hop,turkish trap;874;625;5;-8.277;0;0.0657;418;0.000139;131;459;117.093;4
0H8OURJMJ5TKA67FwL3OO3;57anmI1X2hXWPrNagFdzZr;I Thought the Future Would Be Cooler;I Thought the Future Would Be Cooler;YACHT;2015-09-11;206840;0;2020;ai,alternative dance,chillwave,dance-punk,indietronica,neo-synthpop,new rave,shimmer pop;809;0.68;5;-6.232;0;0.0369;0.00815;0.00259;0.0899;931;109.981;4
0Cr8K78dLna9ZSuif0RyDP;5pVRwX5ZQR7hfJ18w8ZYkl,6LnJKrtFnTEGdbWQ2riWCL;Grind;Lights Out;Ufo361,Ezhel;2019-11-15;166077;48;2020;german cloud rap,german hip hop,turkish hip hop,turkish trap;602;476;3;-9.071;0;0.0682;0.0969;5;142;264;155.07;4
20MuVazoNMv6xjKPnRFOxG;0Y5tJX1MQlPlqiwlOH1tJY;WAKE UP;ASTROWORLD;Travis Scott;2018-08-03;231963;71;2020;hip hop,rap,slap house;741;645;11;-5.116;0;0.0963;192;0;163;488;149.07;4
2Kjro7rhGydjwMXPeWWKEw;2y1VzMKAa5nmfXKtJL9jnj;50M's;DOÄžA;Murda;2020-02-14;150501;30;2020;basshall,turkish hip hop,turkish trap;778;636;8;-7.284;1;0.0741;0.00764;0.000035;203;284;92.079;4
07BSbfzLQ4t09hwD8PO7iT;7Gx2wDVHyW5HJh7dc2t5h7;Zor;Zor;Lil Zey;2020-10-02;180392;47;2020;turkce kadin rap,turkish hip hop,turkish trap;665;671;8;-5.685;0;117;0.32;0;153;488;153.023;4
2JWcIs25p03SYHWTez6pwc;2QDHxmDObOuv9MCeBYiFtq,2u4xMsh0M2B7R8Wb3pEWae;YeÅŸillendir;YeÅŸillendir;Ceg,AnÄ±l PiyancÄ±;2020-01-17;199196;47;2020;turkish hip hop,turkish trap,turkce drill;879;0.73;10;-4.551;0;247;212;0.00000104;115;877;154.989;4
2B5ergLR4uAkJDN5CCiyZX;6nyZShtfCdYdlpNgMsGKzA,5fO16dsHVrojWL2mPzcdpq;Spaceships;Spaceships;Myndless Grimes,KÃ–K$VL;2020-05-15;150000;0;2020;turkce trap metal,turkish hip hop,turkish trap;668;0.71;1;-5.701;1;0.11;0.00895;0.00000481;113;463;159.81;4
4LoVbJaEB3TIqsehlZwiSF;6jTpCdn1rLOY8OPiTlG7Yt,28Qbi9jTj2eej21P2mImZI;Yanyol;Yanyol, Vol. 1;Vio,Ceza;2020-02-14;153490;56;2020;turkish hip hop,turkish trap,azeri rap;823;789;8;-5.788;0;219;293;0;118;269;120.031;4
2q2uKIUC8wycTQt0183M40;23xJQJM7peht77DF6YNEoq;Pembe MezarlÄ±k;DiÄŸer Masallar;Model;2011-02-16;255346;0;2020;turkish rock;538;0.84;8;-6.384;0;61;225;0;129;718;140.024;4
4n4BflhWjCHIxrI4v7Xt9s;3TVXtAsR1Inumwj472S9r4;How Bout Now;Care Package;Drake;2019-08-02;235566;69;2020;canadian hip hop,canadian pop,hip hop,pop rap,rap;789;404;1;-8.364;1;0.23;205;0;219;472;122.062;4
5JnLNEthhtgfdnHA7ITbRO;13gqXJa3Mpcd3yHtcqXE3P;Dreams;Dreams;Batdora;2020-03-20;205077;0;2020;;428;468;7;-14.442;1;345;226;715;0.0846;169;131.75;5
0aWvBDSWI65Aa364rYFmNz;1iJrQKRh5aJnp6cG5lpITr,643VmvA9t1Td4REc5YWkW4;Mutfak;Mutfak;Khontkar,Young Bego;2017-01-17;193521;0;2020;turkish hip hop,turkish trap;662;842;6;-4.97;0;0.39;0.0516;0;126;581;142.309;4
3fsH9s00dbn9mSgUu7Yi9D;7jVv8c5Fj3E9VhNjxT4snq;Bring U Down;7 EP;Lil Nas X;2019-06-21;131706;52;2020;lgbtq+ hip hop;676;511;9;-6.83;0;0.0449;0.0759;0;113;482;120.05;4
7lAK3oHbfEnvUQWosrMMpR;0Y5tJX1MQlPlqiwlOH1tJY;YOSEMITE;ASTROWORLD;Travis Scott;2018-08-03;150043;78;2020;hip hop,rap,slap house;785;554;0;-6.571;1;0.0409;283;0.0000034;116;144;128.047;4
7iQYp6Fp3xFFatU20GZtLe;6q1sTU51oryTTcWTPTd0VC,0A5AyLcMXZRmLE7i2maS0R;Yeniden;Yeniden;BEGE,Nova Norda;2019-06-28;159865;24;2020;turkce drill,turkish hip hop,turkish trap,turkish alt pop,turkish rock;659;0.54;7;-4.362;1;39;107;0;176;346;130.048;4
39LN8w9jv8X3NXO9ZKRqmM;2NPl6xmez0ma3ssIrMz1DM,1iJrQKRh5aJnp6cG5lpITr;Nerdeydiniz;RedKeyGang la Familia;Bixi Blake,Khontkar;2017-07-18;222857;0;2020;turkish hip hop,turkish trap;746;789;1;-6.764;1;92;0.0433;0;0.0873;155;140.011;4
35RJhm1pEovTBwnNR0zWad;0QHgL1lAIqAw0HtD7YldmP,3TVXtAsR1Inumwj472S9r4;GREECE (feat. Drake);GREECE (feat. Drake);DJ Khaled,Drake;2020-07-16;218901;73;2020;hip hop,miami hip hop,pop rap,rap,canadian hip hop,canadian pop;695;343;5;-10.798;1;0.0432;0.0743;0.00000104;107;229;85.84;4
1tgWQk65uaKVLqyo62Qjxb;5Pd3tsRa9fj2Q3JPQ0tYEv,2kS0jWMkkFBL0mrl0VotD0;Ä°yice Derine;Aranan Adam 2;KeiÅŸan,Ben Fero;2019-05-24;231000;41;2020;turkish hip hop,turkish trap,turkce drill;732;633;7;-8.064;0;0.0436;13;0.000131;129;116;138.003;4
2vpr05mfAW7EvVM15CUOnC;3XjAYzwW3zGIi0OetnEIvU;Serseri Bey;Serseri Bey;Stabil;2019-04-26;243391;56;2020;turkish hip hop;714;539;8;-10.145;1;0.26;712;0.00264;183;125;123.967;4
3AD2aBZKRlzUkVYzKiU9WS;7rEIUw67hRTgievwuKQGSj;AlÄ±ÅŸÄ±rÄ±m GÃ¶zlerimi Kapamaya;Åžehr-i HÃ¼zÃ¼n;maNga;2009-11-09;354373;54;2020;turkish rock;613;766;5;-4.135;1;25;0.0453;0.00000157;101;525;92.018;4
7KOlJ92bu51cltsD9KU5I7;6oMuImdp5ZcFhWP0ESe6mG;T-Shirt;Culture;Migos;2017-04-07;242407;1;2020;atl hip hop,hip hop,pop rap,rap,trap;865;687;10;-3.744;0;217;242;0;158;486;139.023;4
2PuOL2TPoCxywuCdKQuNcN;2QU0UNvQvEZ2fuRUhkUNq4,0FUsrstJwmg4WVHQMTYuUA;Yan (feat. ÅžehinÅŸah);Ä°ÅŸin MutfaÄŸÄ±;Artz,ÅžehinÅŸah;2017-05-15;144156;49;2020;turkish hip hop,turkish trap;755;857;1;-6.97;1;141;0.0565;0;0.0659;885;99.979;4
6PH548X1PtBybwprYrPw72;1wiLnXZPHOvNhsltvC1wC0;Flvcko;Millennium;Kvvn;2020-05-08;158644;0;2020;;755;0.77;10;-9.817;0;348;404;0;0.0822;427;170.001;4
19o3yH5Mc7vJs34SKC5adF;1iJrQKRh5aJnp6cG5lpITr,643VmvA9t1Td4REc5YWkW4;KayÄ±p OÄŸlan;RedKeyImmortalGang;Khontkar,Young Bego;2020-07-24;156727;0;2020;turkish hip hop,turkish trap;758;674;2;-6.207;1;0.0737;0.0942;0.000012;0.3;392;164.998;4
2kL9OssrgAGRNHLlJhLVxc;2y1VzMKAa5nmfXKtJL9jnj;Nereye Kadar;DOÄžA;Murda;2020-02-14;194525;38;2020;basshall,turkish hip hop,turkish trap;774;633;1;-5.246;1;366;0.0038;0.000102;0.0876;667;120.651;5